-- phpMyAdmin SQL Dump
-- version 4.9.2
-- https://www.phpmyadmin.net/
--
-- Host: 127.0.0.1
-- Generation Time: Mar 08, 2021 at 09:53 AM
-- Server version: 10.4.11-MariaDB
-- PHP Version: 7.2.26

SET SQL_MODE = "NO_AUTO_VALUE_ON_ZERO";
SET AUTOCOMMIT = 0;
START TRANSACTION;
SET time_zone = "+00:00";


/*!40101 SET @OLD_CHARACTER_SET_CLIENT=@@CHARACTER_SET_CLIENT */;
/*!40101 SET @OLD_CHARACTER_SET_RESULTS=@@CHARACTER_SET_RESULTS */;
/*!40101 SET @OLD_COLLATION_CONNECTION=@@COLLATION_CONNECTION */;
/*!40101 SET NAMES utf8mb4 */;

--
-- Database: `cashiering_db`
--

DELIMITER $$
--
-- Procedures
--
CREATE DEFINER=`root`@`localhost` PROCEDURE `SP_CHECK_CREDENTIALS` (IN `P_USERNAME` VARCHAR(50), IN `P_PASSWORD` VARCHAR(50))  BEGIN 
	SELECT UNAME
			,ROLE_ID
	FROM `USER`
	WHERE UNAME = P_USERNAME
	  AND PSWORD = MD5(MD5(SHA1(`P_PASSWORD`)));
END$$

CREATE DEFINER=`root`@`localhost` PROCEDURE `SP_CHECK_UNAME_CMS` (IN `P_USERNAME` VARCHAR(50))  BEGIN
	SELECT COUNT(UNAME)
	FROM `USER`
	WHERE UNAME = P_USERNAME;
END$$

CREATE DEFINER=`root`@`localhost` PROCEDURE `SP_DEACT_FUND_TYPE` (IN `P_FNDTYPE` VARCHAR(50))  BEGIN
	UPDATE FUND
	SET IS_ACTIVE = 0
	WHERE UPPER(FUND_TYPE) = UPPER(P_FNDTYPE);
END$$

CREATE DEFINER=`root`@`localhost` PROCEDURE `SP_DEACT_INC_TYPE` (IN `P_INCTYPE` VARCHAR(50))  BEGIN
	UPDATE INCOME
	SET IS_ACTIVE = 0
	WHERE UPPER(INCOME_TYPE) = UPPER(P_INCTYPE);
END$$

CREATE DEFINER=`root`@`localhost` PROCEDURE `SP_DEACT_USER` (IN `P_ID` INT, IN `P_ACT` VARCHAR(50))  BEGIN
	UPDATE `USER`
	SET IS_ACTIVE = IF(P_ACT='deact',0,1)
	WHERE USER_ID = P_ID;
END$$

CREATE DEFINER=`root`@`localhost` PROCEDURE `SP_DONE_DEPOSIT` (IN `P_GROUPID` VARCHAR(50), IN `P_SLIPNUM` VARCHAR(50))  BEGIN 
	UPDATE deposit
	SET `STATUS` = 'DEPOSITED'
		,SLIP_NUM = P_SLIPNUM
		,DATE_DEPOSITED = NOW()
	WHERE GROUP_ID = P_GROUPID;
END$$

CREATE DEFINER=`root`@`localhost` PROCEDURE `SP_INSERT_COLLECTION` (IN `P_ORNUM` VARCHAR(50), IN `P_ASSESSED` DECIMAL, IN `P_COLLECTED` DECIMAL, IN `P_STUDNO` VARCHAR(50), IN `P_CLIENT` VARCHAR(50), IN `P_EDUCLEVEL` VARCHAR(50), IN `P_USERID` VARCHAR(50))  BEGIN
	IF P_EDUCLEVEL = '' THEN
		IF P_STUDNO = '' THEN
			SET P_EDUCLEVEL = 'Company';
		END IF;
	END IF;
	IF P_STUDNO = '' THEN
		SET P_STUDNO = NULL;
	END IF;
		
	INSERT INTO collection(OR_NUM, ASSESSED, COLLECTED, STUD_NO, CLIENT_NAME, EDUC_LEVEL, TRANS_DATE, `STATUS`, USER_ID)
	VALUES(P_ORNUM
			,P_ASSESSED
			,P_COLLECTED
			,P_STUDNO
			,P_CLIENT
			,P_EDUCLEVEL
			,CURRENT_TIMESTAMP
			,'PENDING'
			,P_USERID);
END$$

CREATE DEFINER=`root`@`localhost` PROCEDURE `SP_INSERT_COLLECTION_BREAKDOWN` (IN `P_ORNUM` VARCHAR(50), IN `P_DESC` VARCHAR(50), IN `P_AMT` NUMERIC)  BEGIN 
	INSERT INTO collection_breakdown(`DESC`, AMT, OR_NUM)
	VALUES(TRIM(P_DESC)
			,P_AMT
			,P_ORNUM);
END$$

CREATE DEFINER=`root`@`localhost` PROCEDURE `SP_INSERT_DEPOSIT` (IN `P_ORNUM` VARCHAR(50), IN `P_GROUPID` VARCHAR(50), IN `P_STATUS` VARCHAR(50), IN `P_DATESCHED` DATETIME, IN `P_NOTES` VARCHAR(255), IN `P_USERID` INT)  BEGIN 
	INSERT INTO deposit(OR_NUM, GROUP_ID, `STATUS`, DATE_SCHEDULED, DATE_UPDATED, NOTES, USER_ID)
	VALUES(P_ORNUM
			,P_GROUPID
			,P_STATUS
			,P_DATESCHED
			,NOW()
			,P_NOTES
			,P_USERID);
END$$

CREATE DEFINER=`root`@`localhost` PROCEDURE `SP_INSERT_OR_SET` (IN `P_START_DATE` DATETIME, IN `P_END_DATE` DATETIME, IN `P_START_VAL` VARCHAR(50), IN `P_END_VAL` VARCHAR(50))  BEGIN 
	INSERT INTO OR_SET(OR_NUM_START, OR_NUM_END, OR_DATE_FROM, OR_DATE_TO)
	VALUES(P_START_VAL
			,P_END_VAL
			,P_START_DATE
			,P_END_DATE);
END$$

CREATE DEFINER=`root`@`localhost` PROCEDURE `SP_INSERT_UACS_FUND` (IN `P_CODE` VARCHAR(50), IN `P_DESC` VARCHAR(50))  BEGIN
	INSERT INTO fund(FUND_TYPE, FUND_CODE, DATE_ADDED)
	VALUES(P_DESC
			,P_CODE
			,NOW());
END$$

CREATE DEFINER=`root`@`localhost` PROCEDURE `SP_INSERT_UACS_INC` (IN `P_DESC` VARCHAR(50))  BEGIN
	INSERT INTO income(INCOME_TYPE, DATE_ADDED)
	VALUES(P_DESC
			,NOW());
END$$

CREATE DEFINER=`root`@`localhost` PROCEDURE `SP_INSERT_UACS_TABLE` (IN `P_FNDTYPE` VARCHAR(50), IN `P_INCTYPE` VARCHAR(50), IN `P_OCODE` VARCHAR(50), IN `P_CODE` VARCHAR(50), IN `P_DESC` VARCHAR(50))  BEGIN
	IF P_INCTYPE = 'N/A' THEN
		SET P_INCTYPE = NULL;
	END IF;
	INSERT INTO uacs(UACS_CODE, OLD_CODE, FUND_TYPE, INCOME_TYPE, `DESC`, DATE_ADDED)
	VALUES(P_CODE
			,P_OCODE
			,P_FNDTYPE
			,P_INCTYPE
			,P_DESC
			,NOW());
END$$

CREATE DEFINER=`root`@`localhost` PROCEDURE `SP_INSERT_USER_CMS` (IN `P_FNAME` VARCHAR(50), IN `P_MNAME` VARCHAR(50), IN `P_LNAME` VARCHAR(50), IN `P_UNAME` VARCHAR(50), IN `P_PSWORD` VARCHAR(50), IN `P_ROLEID` INT)  BEGIN
	INSERT INTO `USER`(`FNAME`, `MNAME`, `LNAME`, `UNAME`, `PSWORD`, `DATE_ADDED`, `ROLE_ID`)
	VALUES(`P_FNAME`
			,`P_MNAME`
			,`P_LNAME`
			,`P_UNAME`
			,MD5(MD5(SHA1(`P_PSWORD`)))
			,CURRENT_TIMESTAMP
			,`P_ROLEID`);
END$$

CREATE DEFINER=`root`@`localhost` PROCEDURE `SP_LOAD_ADMIN_DASHBOARD_CARDS` ()  BEGIN
	SELECT
		(
			SELECT COUNT(*)
			FROM `USER`
			WHERE IS_ACTIVE = 1
		) AS TOTAL_USERS,
		(
			SELECT COUNT(*)
			FROM `USER`
			WHERE DATEDIFF(NOW(),DATE_ADDED) <= 30
		) AS NEW_USERS,
		(
			SELECT COUNT(*)
			FROM `USER`
			WHERE IS_ACTIVE = 0
		) AS DEACT_USERS,
		(
			SELECT COUNT(*)
			FROM UACS
			WHERE IS_ACTIVE = 1
		) AS COUNT_UACS;
END$$

CREATE DEFINER=`root`@`localhost` PROCEDURE `SP_LOAD_CERT_TABLE` (IN `P_MONTH` INT)  BEGIN
	SELECT DATE_DEPOSITED
			,SLIP_NUM
			,SUM(COLLECTED)
	FROM DEPOSIT
	INNER JOIN COLLECTION
	ON deposit.OR_NUM = collection.OR_NUM
	WHERE MONTH(DATE_DEPOSITED) = P_MONTH
	GROUP BY deposit.GROUP_ID;
END$$

CREATE DEFINER=`root`@`localhost` PROCEDURE `SP_LOAD_DASHBOARD_CARDS` ()  BEGIN
	SELECT
	(
		SELECT SUM(COLLECTED)
		FROM COLLECTION
		WHERE DATE(TRANS_DATE) = DATE(NOW())
	) AS TODAY_COLLECTION,
	(
		SELECT SUM(COLLECTED)
		FROM COLLECTION
		WHERE EDUC_LEVEL = 'SIS Payment'
			AND DATE(TRANS_DATE) = DATE(NOW())
	) AS TODAY_SIS,
	(
		SELECT SUM(COLLECTED)
		FROM COLLECTION
		WHERE MONTH(TRANS_DATE) = MONTH(NOW())
	) AS MONTH_COLLECTION,
	(
		SELECT SUM(COLLECTED)
		FROM COLLECTION
		WHERE YEAR(TRANS_DATE) = YEAR(NOW())
	) AS YEAR_COLLECTION,
		(
		SELECT COUNT(OR_NUM)
		FROM COLLECTION
		WHERE DATE(TRANS_DATE) = DATE(NOW())
	) AS COUNT_OR_TODAY,
	(
		SELECT COUNT(OR_NUM)
		FROM COLLECTION
		WHERE EDUC_LEVEL = 'SIS Payment'
			AND DATE(TRANS_DATE) = DATE(NOW())
	) AS COUNT_SIS_OR_TODAY;
END$$

CREATE DEFINER=`root`@`localhost` PROCEDURE `SP_LOAD_DEPOSITED` ()  BEGIN
	SELECT deposit.DATE_DEPOSITED
			,deposit.GROUP_ID
			,SUM(collection.COLLECTED)
	FROM DEPOSIT
	INNER JOIN COLLECTION
	ON deposit.OR_NUM = collection.OR_NUM
		AND deposit.`STATUS` = 'DEPOSITED'
	GROUP BY deposit.GROUP_ID;
END$$

CREATE DEFINER=`root`@`localhost` PROCEDURE `SP_LOAD_RADAR_CHART` (IN `P_MONTH` INT)  BEGIN
	SELECT UA.UACS_CODE
			,CB.`DESC`
		   ,CB.AMT AS TOTAL
	FROM uacs AS UA
	INNER JOIN collection_breakdown AS CB
	USING (`DESC`)
	INNER JOIN collection AS CO
	ON CB.OR_NUM = CO.OR_NUM
	WHERE MONTH(CO.TRANS_DATE) = P_MONTH 
   GROUP BY UA.`DESC`;
END$$

CREATE DEFINER=`root`@`localhost` PROCEDURE `SP_REMOVE_SCHED_DEPOSIT` (IN `P_GROUPID` VARCHAR(50))  BEGIN 
	UPDATE COLLECTION
	SET `STATUS` = 'PENDING'
	WHERE OR_NUM IN(SELECT OR_NUM FROM DEPOSIT
						 WHERE GROUP_ID = P_GROUPID);
	DELETE FROM DEPOSIT
	WHERE GROUP_ID = P_GROUPID;
END$$

CREATE DEFINER=`root`@`localhost` PROCEDURE `SP_SAVE_FOR_REMITTANCE` (IN `P_OR_NUM` VARCHAR(50))  BEGIN
	UPDATE COLLECTION
	SET `STATUS` = 'FOR REMIT'
	WHERE OR_NUM = P_OR_NUM;
END$$

CREATE DEFINER=`root`@`localhost` PROCEDURE `SP_SELECT_ACCOUNTABLE_FORMS_REPORT` (IN `P_MONTH` INT, IN `P_WAY` VARCHAR(50))  BEGIN 
	IF P_WAY = 'MONTHLY' THEN
		INSERT INTO TMP(TOT_OR, TOT_USED, TOT_UNUSED)
		SELECT (OR_NUM_END + 1) - OR_NUM_START AS TOTAL_OR
				,(SELECT COUNT(*)
				  FROM COLLECTION
				  WHERE OR_NUM BETWEEN (SELECT OR_NUM_START FROM or_set WHERE MONTH(OR_DATE_FROM) = P_MONTH)
				  							AND
											  (SELECT OR_NUM_END FROM or_set WHERE MONTH(OR_DATE_FROM) = P_MONTH)) AS TOTAL_USED
				,((OR_NUM_END + 1) - OR_NUM_START) - (SELECT COUNT(*)
															     FROM COLLECTION
															     WHERE OR_NUM BETWEEN (SELECT OR_NUM_START FROM or_set WHERE MONTH(OR_DATE_FROM) = P_MONTH)
															  	    						AND
																						     (SELECT OR_NUM_END FROM or_set WHERE MONTH(OR_DATE_FROM) = P_MONTH)) AS TOTAL_UNUSED
		FROM OR_SET
		WHERE MONTH(OR_DATE_FROM) = P_MONTH;
	END IF;
	IF P_WAY = 'CARD' THEN
		SELECT (OR_NUM_END + 1) - OR_NUM_START AS TOTAL_OR
				,(SELECT COUNT(*)
				  FROM COLLECTION
				  WHERE OR_NUM BETWEEN (SELECT OR_NUM_START FROM or_set WHERE MONTH(OR_DATE_FROM) = P_MONTH)
				  							AND
											  (SELECT OR_NUM_END FROM or_set WHERE MONTH(OR_DATE_FROM) = P_MONTH)) AS TOTAL_USED
				,((OR_NUM_END + 1) - OR_NUM_START) - (SELECT COUNT(*)
															     FROM COLLECTION
															     WHERE OR_NUM BETWEEN (SELECT OR_NUM_START FROM or_set WHERE MONTH(OR_DATE_FROM) = P_MONTH)
															  	    						AND
																						     (SELECT OR_NUM_END FROM or_set WHERE MONTH(OR_DATE_FROM) = P_MONTH)) AS TOTAL_UNUSED
				,OR_NUM_START
				,OR_NUM_END
		FROM OR_SET
		WHERE MONTH(OR_DATE_FROM) = P_MONTH;
	END IF;
END$$

CREATE DEFINER=`root`@`localhost` PROCEDURE `SP_SELECT_ALL_RECEIPTS` ()  BEGIN
	SELECT OR_NUM
			,CLIENT_NAME
			,DATE_FORMAT(TRANS_DATE, '%m/%d/%Y')
	FROM collection;
END$$

CREATE DEFINER=`root`@`localhost` PROCEDURE `SP_SELECT_ALL_UACS_CODE` (IN `P_INCTYPE` VARCHAR(50))  BEGIN
	SELECT UACS_CODE
			,`DESC`
	FROM uacs
	WHERE INCOME_TYPE = P_INCTYPE
		AND IS_ACTIVE = 1;
END$$

CREATE DEFINER=`root`@`localhost` PROCEDURE `SP_SELECT_ALL_USERS` ()  BEGIN
	SELECT USER_ID
			,FNAME
			,MNAME
			,LNAME
			,UNAME
			,DATE_ADDED
			,IF(ROLE_ID=1, 'Admin', 'Cashier') AS USER_ROLE
			,IS_ACTIVE
	FROM `USER`;
END$$

CREATE DEFINER=`root`@`localhost` PROCEDURE `SP_SELECT_ALL_USERS2` ()  BEGIN
	SELECT USER_ID
			,CONCAT(FNAME,' ',MNAME,' ',LNAME) AS FULLNAME
			,IF(ROLE_ID=1, 'Admin', 'Cashier') AS USER_ROLE
			,IF(IS_ACTIVE=1,'Active', 'Inactive')
	FROM `USER`;
END$$

CREATE DEFINER=`root`@`localhost` PROCEDURE `SP_SELECT_COLLECTION_LOG` (IN `P_RANGE` INT)  BEGIN
	IF P_RANGE = 1 THEN
			SELECT OR_NUM
					,CLIENT_NAME
					,ASSESSED
					,COLLECTED
					,TRANS_DATE
					,UPPER(EDUC_LEVEL)
			FROM collection
			WHERE DATE(TRANS_DATE) = DATE(CURRENT_TIMESTAMP)
			ORDER BY OR_NUM DESC;
	ELSEIF P_RANGE = 0 THEN
		SELECT OR_NUM
				,CLIENT_NAME
				,ASSESSED
				,COLLECTED
				,TRANS_DATE
				,UPPER(EDUC_LEVEL)
		FROM collection
		WHERE `STATUS` = 'PENDING'
		ORDER BY OR_NUM ASC;
	ELSE
		SELECT OR_NUM
				,CLIENT_NAME
				,ASSESSED
				,COLLECTED
				,TRANS_DATE
				,UPPER(EDUC_LEVEL)
		FROM collection
		WHERE DATEDIFF(DATE(NOW()), TRANS_DATE) <= P_RANGE
		ORDER BY OR_NUM DESC;
	END IF;
END$$

CREATE DEFINER=`root`@`localhost` PROCEDURE `SP_SELECT_CURRENT_GROUP_ID` ()  BEGIN
	SELECT IF(ISNULL((SELECT COUNT(GROUP_ID) FROM deposit)) = 1
		,(SELECT CONCAT(CAST(YEAR(NOW()) AS CHAR(4)),'-DEPOSIT-00001'))
		,(SELECT CONCAT(CAST(YEAR(NOW()) AS CHAR(4))
							,'-DEPOSIT-'
							,(SELECT LPAD((SELECT SUBSTR((SELECT GROUP_ID 
																	FROM deposit 
																	WHERE DEP_ID = (SELECT MAX(DEP_ID) FROM deposit))
																	,14)) + '1'
																	,5
																	,'0'))))) AS CURRENT_GROUP_ID;			
END$$

CREATE DEFINER=`root`@`localhost` PROCEDURE `SP_SELECT_CURRENT_OR` ()  BEGIN
	SELECT IF(ISNULL((SELECT OR_NUM 
						FROM collection WHERE OR_NUM = (SELECT MAX(CAST(OR_NUM AS UNSIGNED))
																  FROM collection)
												AND OR_NUM >= (SELECT MAX(CAST(OR_NUM_START AS UNSIGNED)) FROM OR_SET))) = 1
			,(SELECT OR_NUM_START 
			  FROM or_set 
			  WHERE ID = (SELECT MAX(ID) FROM or_set))
			,(SELECT LPAD(OR_NUM + '1',LENGTH(OR_NUM), '0')
			  FROM collection 
			  WHERE OR_NUM = (SELECT MAX(CAST(OR_NUM AS UNSIGNED)) 
			  						FROM collection)
		  			AND OR_NUM <= (SELECT MAX(CAST(OR_NUM_END AS UNSIGNED)) 
		  								FROM or_set
										WHERE ID = (SELECT MAX(ID) FROM or_set)
											AND DATE(OR_DATE_TO) >= DATE(CURRENT_TIMESTAMP))								  
			 )) AS CURRENT_OR;			  	
END$$

CREATE DEFINER=`root`@`localhost` PROCEDURE `SP_SELECT_FNAME_CMS` (IN `P_USERNAME` VARCHAR(50))  BEGIN
	SELECT CONCAT(FNAME,' ',IFNULL(SUBSTRING(MNAME,1,1),''),'.',' ',LNAME) AS FULLNAME
	FROM user
	WHERE UNAME = `P_USERNAME`;
END$$

CREATE DEFINER=`root`@`localhost` PROCEDURE `SP_SELECT_FUND_TYPE` ()  BEGIN
	SELECT FUND_TYPE		
	FROM fund  
	WHERE IS_ACTIVE = 1;
END$$

CREATE DEFINER=`root`@`localhost` PROCEDURE `SP_SELECT_INACTIVE_UACS` ()  BEGIN
	SELECT OLD_CODE
			,UACS_CODE
			,`DESC`
	FROM UACS
	WHERE IS_ACTIVE = 0;
END$$

CREATE DEFINER=`root`@`localhost` PROCEDURE `SP_SELECT_INCOME_TYPE` ()  BEGIN
	SELECT INCOME_TYPE		
	FROM income 
	WHERE IS_ACTIVE = 1;
END$$

CREATE DEFINER=`root`@`localhost` PROCEDURE `SP_SELECT_MONTHLY_COLLECTION` ()  BEGIN
	SELECT MONTH(TRANS_DATE) AS TRANS_DATE
			,SUM(COLLECTED) AS COLLECTED
	FROM COLLECTION
	WHERE YEAR(TRANS_DATE) = YEAR(NOW())
	GROUP BY MONTH(TRANS_DATE);
END$$

CREATE DEFINER=`root`@`localhost` PROCEDURE `SP_SELECT_MONTHLY_DEPOSIT` ()  BEGIN
	SELECT MONTH(DATE_DEPOSITED) AS DATE_DEPOSITED
			,SUM(collection.COLLECTED) AS DEPOSIT_AMT
	FROM COLLECTION
	INNER JOIN DEPOSIT
	ON collection.OR_NUM = deposit.OR_NUM
	WHERE deposit.`STATUS` = 'DEPOSITED'
		AND YEAR(DATE_DEPOSITED) = YEAR(NOW())
	GROUP BY MONTH(DATE_DEPOSITED);
END$$

CREATE DEFINER=`root`@`localhost` PROCEDURE `SP_SELECT_OR_MONTHLY_REPORT` ()  BEGIN
	DROP TABLE IF EXISTS TMP;
	CREATE TEMPORARY TABLE TMP(TOT_OR INT, TOT_USED INT, TOT_UNUSED INT);
	SET @MON = (SELECT MONTH(NOW()));
	SET @IDX = 1;
	WHILE @IDX <= @MON DO
		CALL SP_SELECT_ACCOUNTABLE_FORMS_REPORT(@IDX,'MONTHLY');
		SET @IDX = @IDX + 1;
	END WHILE;
	
	SELECT * FROM TMP;
END$$

CREATE DEFINER=`root`@`localhost` PROCEDURE `SP_SELECT_RECEIPT_DONUT` ()  BEGIN
	SELECT EDUC_LEVEL
			,COUNT(EDUC_LEVEL)
			,COUNT(EDUC_LEVEL) / (SELECT COUNT(EDUC_LEVEL) FROM collection) * 100 AS PERCENTAGE
	FROM collection
	GROUP BY EDUC_LEVEL;
END$$

CREATE DEFINER=`root`@`localhost` PROCEDURE `SP_SELECT_SCHEDULED_DEPOSITS` ()  BEGIN
	SELECT deposit.GROUP_ID
			,deposit.DATE_SCHEDULED
			,SUM(collection.COLLECTED)
			,deposit.NOTES
	FROM deposit
	INNER JOIN COLLECTION
	ON deposit.OR_NUM = collection.OR_NUM
		AND deposit.`STATUS` = 'FOR REMIT'
	GROUP BY deposit.GROUP_ID;
END$$

CREATE DEFINER=`root`@`localhost` PROCEDURE `SP_SELECT_SIS_BAR_CHART` (IN `P_FILTER` VARCHAR(50))  BEGIN
	IF P_FILTER = 'DAILY' THEN
		SET @START_FILTER = (SELECT DATE_SUB(NOW(),INTERVAL 6 DAY));
		SET @END_FILTER = (SELECT DATE_ADD(NOW(), INTERVAL 6 DAY));
		SELECT SUM(COLLECTED)
				,DATE(TRANS_DATE) AS TRANSDATE
		FROM COLLECTION
		WHERE EDUC_LEVEL = 'SIS Payment'
			AND DATE(TRANS_DATE) BETWEEN DATE(@START_FILTER) AND DATE(@END_FILTER)
		GROUP BY TRANSDATE;
	END IF;
END$$

CREATE DEFINER=`root`@`localhost` PROCEDURE `SP_SELECT_SIS_PAYMENTS_DONE` ()  BEGIN
	SELECT OR_NUM
		,COLLECTED
		,DATE_FORMAT(TRANS_DATE, '%m/%d/%Y') AS TRANS_DATE
	FROM collection
	WHERE EDUC_LEVEL = 'SIS Payment'
		AND OR_NUM IN (SELECT OR_NUM FROM collection_breakdown);
END$$

CREATE DEFINER=`root`@`localhost` PROCEDURE `SP_SELECT_SIS_PAYMENTS_PENDING` ()  BEGIN
	SELECT OR_NUM
		,COLLECTED
		,DATE_FORMAT(TRANS_DATE, '%m/%d/%Y') AS TRANS_DATE
	FROM collection
	WHERE EDUC_LEVEL = 'SIS Payment'
		AND OR_NUM NOT IN (SELECT OR_NUM FROM COLLECTION_BREAKDOWN);
END$$

CREATE DEFINER=`root`@`localhost` PROCEDURE `SP_SELECT_SPECIFIC_COLLECTION` (IN `P_ORNUM` VARCHAR(50))  BEGIN
	SELECT OR_NUM
			,CLIENT_NAME
			,STUD_NO
			,DATE_FORMAT(DATE(TRANS_DATE), '%b. %d, %Y') AS TRANS_DATE
			,TIME_FORMAT(TIME(TRANS_DATE), '%h:%i %p') AS TRANS_TIME
			,COLLECTED
	FROM collection
	WHERE OR_NUM = P_ORNUM;
END$$

CREATE DEFINER=`root`@`localhost` PROCEDURE `SP_SELECT_SPECIFIC_COLLECTION_BREAKDOWN` (IN `P_ORNUM` VARCHAR(50))  BEGIN
	SELECT `DESC`
			,AMT
	FROM collection_breakdown
	WHERE OR_NUM = P_ORNUM;
END$$

CREATE DEFINER=`root`@`localhost` PROCEDURE `SP_SELECT_SPECIFIC_FUND` (IN `P_FNDTYPE` VARCHAR(50))  BEGIN
	SELECT FUND_CODE
	FROM FUND
	WHERE UPPER(FUND_TYPE) = UPPER(P_FNDTYPE)
		AND IS_ACTIVE = 1;
END$$

CREATE DEFINER=`root`@`localhost` PROCEDURE `SP_SELECT_SPECIFIC_INCOME` (IN `P_INCTYPE` VARCHAR(50))  BEGIN
	SELECT INCOME_TYPE
	FROM INCOME
	WHERE UPPER(INCOME_TYPE) = UPPER(P_INCTYPE)
		AND IS_ACTIVE = 1;
END$$

CREATE DEFINER=`root`@`localhost` PROCEDURE `SP_SELECT_SPECIFIC_SIS_CLIENT` (IN `P_ORNUM` VARCHAR(50))  BEGIN
	SELECT CLIENT_NAME
			,TRANS_DATE
	FROM COLLECTION
	WHERE OR_NUM = P_ORNUM;
END$$

CREATE DEFINER=`root`@`localhost` PROCEDURE `SP_SELECT_SPECIFIC_SIS_DONE` (IN `P_ORNUM` VARCHAR(50))  BEGIN
	SELECT `DESC`
			,AMT
	FROM COLLECTION_BREAKDOWN
	WHERE OR_NUM = P_ORNUM;
END$$

CREATE DEFINER=`root`@`localhost` PROCEDURE `SP_SELECT_STUDENT_NAME` (IN `P_STUDNO` VARCHAR(50))  BEGIN
	SELECT FNAME
			,LNAME
	FROM STUDENT
	WHERE STUD_NO = P_STUDNO;
END$$

CREATE DEFINER=`root`@`localhost` PROCEDURE `SP_SELECT_UACS_TABLE` ()  BEGIN
	SELECT UACS_CODE
			,OLD_CODE
			,FUND_TYPE
			,IFNULL(INCOME_TYPE,'N/A') AS 'INCOME_TYPE'
			,`DESC`
			,IS_ACTIVE
	FROM uacs;
END$$

CREATE DEFINER=`root`@`localhost` PROCEDURE `SP_UPDATE_FUND_TYPE` (IN `P_FNDTYPE_ORIG` VARCHAR(50), IN `P_FNDTYPE_UPD` VARCHAR(50), IN `P_FNDCODE` VARCHAR(50))  BEGIN
	UPDATE FUND
	SET FUND_TYPE = UPPER(P_FNDTYPE_UPD)
		,FUND_CODE = UPPER(P_FNDCODE)
	WHERE UPPER(FUND_TYPE) = UPPER(P_FNDTYPE_ORIG)
		AND IS_ACTIVE = 1;
END$$

CREATE DEFINER=`root`@`localhost` PROCEDURE `SP_UPDATE_INC_TYPE` (IN `P_INCTYPE_ORIG` VARCHAR(50), IN `P_INCTYPE_UPD` VARCHAR(50))  BEGIN
	UPDATE INCOME
	SET INCOME_TYPE = UPPER(P_INCTYPE_UPD)
	WHERE UPPER(INCOME_TYPE) = UPPER(P_INCTYPE_ORIG)
		AND IS_ACTIVE = 1;
END$$

CREATE DEFINER=`root`@`localhost` PROCEDURE `SP_UPDATE_SCHED_DATE` (IN `P_NEWDATE` DATETIME, IN `P_GROUPID` VARCHAR(50))  BEGIN 
	UPDATE DEPOSIT
	SET DATE_SCHEDULED = P_NEWDATE
	WHERE GROUP_ID = P_GROUPID;
END$$

CREATE DEFINER=`root`@`localhost` PROCEDURE `SP_UPDATE_STATUS_UACS` (IN `CODE` VARCHAR(50), IN `STATUS` TINYINT)  BEGIN
	UPDATE UACS
	SET IS_ACTIVE = `STATUS`
	WHERE UACS_CODE = `CODE`;
END$$

CREATE DEFINER=`root`@`localhost` PROCEDURE `SP_UPDATE_UACS_TABLE` (IN `PID` VARCHAR(50), IN `P_OLD_CODE` VARCHAR(50), IN `P_NEW_CODE` VARCHAR(50), IN `P_FND_TYPE` VARCHAR(50), IN `P_INC_TYPE` VARCHAR(50), IN `P_DESC_NAME` VARCHAR(50))  BEGIN
	IF P_INC_TYPE = 'N/A' THEN
		SET P_INC_TYPE = NULL;
	END IF;
	UPDATE UACS
	SET UACS_CODE = P_NEW_CODE
		,OLD_CODE = P_OLD_CODE
		,FUND_TYPE = P_FND_TYPE
		,INCOME_TYPE = P_INC_TYPE
		,`DESC` = P_DESC_NAME
		,LAST_UPDATED = NOW()
	WHERE UACS_CODE = PID
		AND IS_ACTIVE = 1;
END$$

CREATE DEFINER=`root`@`localhost` PROCEDURE `SP_UPDATE_USER_DATA` (IN `P_ID` INT, IN `P_FNAME` VARCHAR(50), IN `P_MNAME` VARCHAR(50), IN `P_LNAME` VARCHAR(50), IN `P_ROLE` VARCHAR(50))  BEGIN
	UPDATE `USER`
	SET FNAME = P_FNAME
		,MNAME = P_MNAME
		,LNAME = P_LNAME
		,ROLE_ID = IF(UPPER(P_ROLE) = 'ADMIN', 1, 2)
	WHERE USER_ID = P_ID
		AND IS_ACTIVE = 1;
END$$

DELIMITER ;

-- --------------------------------------------------------

--
-- Table structure for table `auth_group`
--

CREATE TABLE `auth_group` (
  `id` int(11) NOT NULL,
  `name` varchar(150) NOT NULL
) ENGINE=InnoDB DEFAULT CHARSET=utf8mb4;

-- --------------------------------------------------------

--
-- Table structure for table `auth_group_permissions`
--

CREATE TABLE `auth_group_permissions` (
  `id` int(11) NOT NULL,
  `group_id` int(11) NOT NULL,
  `permission_id` int(11) NOT NULL
) ENGINE=InnoDB DEFAULT CHARSET=utf8mb4;

-- --------------------------------------------------------

--
-- Table structure for table `auth_permission`
--

CREATE TABLE `auth_permission` (
  `id` int(11) NOT NULL,
  `name` varchar(255) NOT NULL,
  `content_type_id` int(11) NOT NULL,
  `codename` varchar(100) NOT NULL
) ENGINE=InnoDB DEFAULT CHARSET=utf8mb4;

--
-- Dumping data for table `auth_permission`
--

INSERT INTO `auth_permission` (`id`, `name`, `content_type_id`, `codename`) VALUES
(1, 'Can add log entry', 1, 'add_logentry'),
(2, 'Can change log entry', 1, 'change_logentry'),
(3, 'Can delete log entry', 1, 'delete_logentry'),
(4, 'Can view log entry', 1, 'view_logentry'),
(5, 'Can add permission', 2, 'add_permission'),
(6, 'Can change permission', 2, 'change_permission'),
(7, 'Can delete permission', 2, 'delete_permission'),
(8, 'Can view permission', 2, 'view_permission'),
(9, 'Can add group', 3, 'add_group'),
(10, 'Can change group', 3, 'change_group'),
(11, 'Can delete group', 3, 'delete_group'),
(12, 'Can view group', 3, 'view_group'),
(13, 'Can add user', 4, 'add_user'),
(14, 'Can change user', 4, 'change_user'),
(15, 'Can delete user', 4, 'delete_user'),
(16, 'Can view user', 4, 'view_user'),
(17, 'Can add content type', 5, 'add_contenttype'),
(18, 'Can change content type', 5, 'change_contenttype'),
(19, 'Can delete content type', 5, 'delete_contenttype'),
(20, 'Can view content type', 5, 'view_contenttype'),
(21, 'Can add session', 6, 'add_session'),
(22, 'Can change session', 6, 'change_session'),
(23, 'Can delete session', 6, 'delete_session'),
(24, 'Can view session', 6, 'view_session');

-- --------------------------------------------------------

--
-- Table structure for table `auth_user`
--

CREATE TABLE `auth_user` (
  `id` int(11) NOT NULL,
  `password` varchar(128) NOT NULL,
  `last_login` datetime(6) DEFAULT NULL,
  `is_superuser` tinyint(1) NOT NULL,
  `username` varchar(150) NOT NULL,
  `first_name` varchar(30) NOT NULL,
  `last_name` varchar(150) NOT NULL,
  `email` varchar(254) NOT NULL,
  `is_staff` tinyint(1) NOT NULL,
  `is_active` tinyint(1) NOT NULL,
  `date_joined` datetime(6) NOT NULL
) ENGINE=InnoDB DEFAULT CHARSET=utf8mb4;

-- --------------------------------------------------------

--
-- Table structure for table `auth_user_groups`
--

CREATE TABLE `auth_user_groups` (
  `id` int(11) NOT NULL,
  `user_id` int(11) NOT NULL,
  `group_id` int(11) NOT NULL
) ENGINE=InnoDB DEFAULT CHARSET=utf8mb4;

-- --------------------------------------------------------

--
-- Table structure for table `auth_user_user_permissions`
--

CREATE TABLE `auth_user_user_permissions` (
  `id` int(11) NOT NULL,
  `user_id` int(11) NOT NULL,
  `permission_id` int(11) NOT NULL
) ENGINE=InnoDB DEFAULT CHARSET=utf8mb4;

-- --------------------------------------------------------

--
-- Table structure for table `collection`
--

CREATE TABLE `collection` (
  `OR_NUM` varchar(50) NOT NULL,
  `ASSESSED` decimal(10,2) DEFAULT NULL,
  `COLLECTED` decimal(10,2) DEFAULT NULL,
  `STUD_NO` varchar(50) DEFAULT NULL,
  `CLIENT_NAME` varchar(100) DEFAULT NULL,
  `EDUC_LEVEL` varchar(50) DEFAULT NULL,
  `TRANS_DATE` datetime NOT NULL,
  `STATUS` varchar(50) DEFAULT NULL,
  `USER_ID` int(11) DEFAULT NULL
) ENGINE=InnoDB DEFAULT CHARSET=utf8mb4;

--
-- Dumping data for table `collection`
--

INSERT INTO `collection` (`OR_NUM`, `ASSESSED`, `COLLECTED`, `STUD_NO`, `CLIENT_NAME`, `EDUC_LEVEL`, `TRANS_DATE`, `STATUS`, `USER_ID`) VALUES
('008238', '650.00', '650.00', '2017-00293-CM-0', 'SILLEZA, VAN ANTHONY', 'Bachelor\'s Degree', '2021-01-28 11:09:46', 'FOR REMIT', 2),
('008239', '590.00', '590.00', NULL, 'POTTER, NICOLAS', 'Diploma', '2021-01-28 11:15:55', 'FOR REMIT', 2),
('008240', '700000.00', '700000.00', NULL, 'PUP QC', 'Company', '2021-01-28 11:17:57', 'FOR REMIT', 2),
('008241', '4150.00', '4150.00', '2017-00110-CM-0', 'TARLAC, RALPH LAWRENCE', 'Bachelor\'s Degree', '2021-01-28 13:32:06', 'FOR REMIT', 2),
('008242', '250.00', '250.00', '2017-00297-CM-0', 'ORTIZ, JELLIE MAE', 'Bachelor\'s Degree', '2021-01-28 13:35:13', 'FOR REMIT', 2),
('008243', '2100.00', '2100.00', '2017-00293-CM-0', 'SILLEZA, VAN ANTHONY', 'Bachelor\'s Degree', '2021-01-28 15:30:55', 'FOR REMIT', 2),
('008244', '426.00', '426.00', '2017-00110-CM-0', 'TARLAC, RALPH LAWRENCE', 'Bachelor\'s Degree', '2021-01-28 15:38:02', 'FOR REMIT', 2),
('008245', '3400.00', '3400.00', NULL, 'PUP QC', 'Company', '2021-01-28 16:29:43', 'FOR REMIT', 2),
('008246', '125.00', '125.00', '2017-00293-CM-0', 'SILLEZA, VAN ANTHONY', 'Bachelor\'s Degree', '2021-01-28 16:48:03', 'FOR REMIT', 2),
('008247', '340000.00', '340000.00', NULL, 'PUP QC', 'Company', '2021-01-29 18:25:14', 'FOR REMIT', 2),
('008248', '120000.00', '120000.00', NULL, 'PUP QC', 'Company', '2021-01-29 18:26:34', 'FOR REMIT', 2),
('008249', '130000.00', '130000.00', NULL, 'PUP QC', 'Company', '2021-01-29 18:28:45', 'FOR REMIT', 2),
('008250', '2350.00', '2350.00', NULL, 'PUP QC', 'Company', '2021-01-29 18:34:03', 'FOR REMIT', 2),
('008251', '35000.00', '35000.00', NULL, 'PUP QC', 'Company', '2021-01-29 18:40:49', 'FOR REMIT', 2),
('008252', '4251.00', '4251.00', NULL, 'PUP QC', 'Company', '2021-01-29 18:43:00', 'FOR REMIT', 2),
('008630', '8448.00', '8448.00', '2017-00293-CM-0', 'SILLEZA, VAN ANTHONY', 'Bachelor\'s Degree', '2021-02-03 19:28:27', 'FOR REMIT', 2),
('008631', '250.00', '250.00', '2017-00293-CM-0', 'SILLEZA, VAN ANTHONY', 'Bachelor\'s Degree', '2021-02-04 12:32:58', 'FOR REMIT', 2),
('008632', '526.00', '526.00', '2017-00110-CM-0', 'TARLAC, RALPH LAWRENCE', 'Bachelor\'s Degree', '2021-02-04 12:48:02', 'FOR REMIT', 2),
('008633', '100000.00', '100000.00', NULL, 'PUP QC', 'Company', '2021-02-04 12:53:00', 'FOR REMIT', 2),
('008634', '560.00', '560.00', NULL, 'PUP, QUEZON CITY', 'SIS Payment', '2021-02-10 15:39:43', 'FOR REMIT', 2),
('008635', '67000.00', '67000.00', NULL, 'PUP, QUEZON CITY', 'SIS Payment', '2021-02-11 14:39:43', 'FOR REMIT', 2),
('008636', '89000.00', '89000.00', NULL, 'PUP, QUEZON CITY', 'SIS Payment', '2021-02-12 15:39:43', 'FOR REMIT', 2),
('008637', '55000.00', '55000.00', NULL, 'PUP, QUEZON CITY', 'SIS Payment', '2021-02-14 15:39:43', 'FOR REMIT', 2),
('008638', '78000.00', '78000.00', NULL, 'PUP, QUEZON CITY', 'SIS Payment', '2021-02-13 15:39:43', 'FOR REMIT', 2),
('008639', '12500.00', '12500.00', NULL, 'PUP, QUEZON CITY', 'SIS Payment', '2021-02-15 15:39:43', 'FOR REMIT', 2),
('008640', '1221.00', '1221.00', NULL, 'PUP, QUEZON CITY', 'SIS Payment', '2021-02-09 15:39:43', 'FOR REMIT', 2),
('008641', '15223.00', '15223.00', NULL, 'PUP, QUEZON CITY', 'SIS Payment', '2021-02-16 15:39:43', 'FOR REMIT', 2),
('008642', '9587.00', '9587.00', NULL, 'PUP, QUEZON CITY', 'SIS Payment', '2021-02-10 15:39:43', 'FOR REMIT', 2),
('008859', '600.00', '600.00', '2017-00293-CM-0', 'SILLEZA, VAN ANTHONY', 'Bachelor\'s Degree', '2021-02-16 19:06:26', 'FOR REMIT', 2),
('008860', '25000.00', '25000.00', NULL, 'PUP, QUEZON CITY', 'SIS Payment', '2021-02-16 19:09:51', 'FOR REMIT', 2),
('008861', '3000.00', '3000.00', NULL, 'PUP, QUEZON CITY', 'SIS Payment', '2021-02-16 19:10:25', 'FOR REMIT', 2),
('008862', '4593.00', '4593.00', NULL, 'PUP, QUEZON CITY', 'SIS Payment', '2021-02-17 01:20:20', 'FOR REMIT', 2),
('008863', '2850.00', '2850.00', '2017-00293-CM-0', 'SILLEZA, VAN ANTHONY', 'Bachelor\'s Degree', '2021-02-23 23:31:59', 'FOR REMIT', 2),
('008864', '792.00', '792.00', '2017-00273-CM-0', 'BRILLO, DAISY', 'Bachelor\'s Degree', '2021-03-02 17:24:22', 'FOR REMIT', 2),
('008865', '25200.00', '25200.00', NULL, 'PUP, QUEZON CITY', 'SIS Payment', '2021-03-02 17:27:58', 'FOR REMIT', 2),
('008866', '590.00', '590.00', '2017-00257-CM-0', 'VILLACORTA, RICHARD', 'Bachelor\'s Degree', '2021-03-03 23:12:57', 'FOR REMIT', 2),
('008867', '1489.00', '1489.00', '2017-00188-CM-0', 'GUEVARRA, JAYSON', 'Bachelor\'s Degree', '2021-03-03 23:43:26', 'FOR REMIT', 2),
('008868', '1899.00', '1899.00', '2017-00011-CM-0', 'ERMITA, ALEXANDRA', 'Bachelor\'s Degree', '2021-03-03 23:44:44', 'FOR REMIT', 2),
('008869', '654.00', '654.00', '2017-00034-CM-0', 'SORIA, ROSANO', 'Bachelor\'s Degree', '2021-03-03 23:47:57', 'PENDING', 2);

-- --------------------------------------------------------

--
-- Table structure for table `collection_breakdown`
--

CREATE TABLE `collection_breakdown` (
  `ID` int(11) NOT NULL,
  `DESC` varchar(50) DEFAULT NULL,
  `AMT` decimal(10,2) DEFAULT NULL,
  `OR_NUM` varchar(50) DEFAULT NULL
) ENGINE=InnoDB DEFAULT CHARSET=utf8mb4;

--
-- Dumping data for table `collection_breakdown`
--

INSERT INTO `collection_breakdown` (`ID`, `DESC`, `AMT`, `OR_NUM`) VALUES
(18, 'CLEARANCE AND CERTIFICATION FEE', '150.00', '008238'),
(19, 'REGISTRATION', '500.00', '008238'),
(20, 'PERMIT FEE', '340.00', '008239'),
(21, 'HD', '250.00', '008239'),
(22, 'FACILITIES', '500000.00', '008240'),
(23, 'ELECTRICITY', '200000.00', '008240'),
(24, 'FACILITIES', '2500.00', '008241'),
(25, 'BOOKS', '1500.00', '008241'),
(26, 'CLEARANCE AND CERTIFICATION FEE', '150.00', '008241'),
(27, 'COMPLETION', '250.00', '008242'),
(28, 'TRANSCRIPT OF RECORD FEES', '600.00', '008243'),
(29, 'GRADUATE FORUM', '1500.00', '008243'),
(30, 'FINES AND PENALTIES', '426.00', '008244'),
(31, 'ATHLETIC FEES', '3400.00', '008245'),
(32, 'RETRIEVAL', '125.00', '008246'),
(33, 'ELECTRICITY', '340000.00', '008247'),
(34, 'MEDICAL, DENTAL', '120000.00', '008248'),
(35, 'RENTAL', '130000.00', '008249'),
(36, 'LIBRARY FEES', '2350.00', '008250'),
(37, 'TRANSCRIPT OF RECORD FEES', '35000.00', '008251'),
(38, 'MEDICAL EXAM', '4251.00', '008252'),
(39, 'HD', '869.00', '008630'),
(40, 'TRANSCRIPT OF RECORD FEES(SCANNED PHOTO)', '7579.00', '008630'),
(41, 'CLEARANCE AND CERTIFICATION FEE', '250.00', '008630'),
(42, 'CLEARANCE AND CERTIFICATION FEE', '250.00', '008630'),
(43, 'CLEARANCE AND CERTIFICATION FEE', '250.00', '008631'),
(44, 'TRANSCRIPT OF RECORD FEES(SCANNED PHOTO)', '526.00', '008632'),
(45, 'RENTAL', '100000.00', '008633'),
(46, 'LABORATORY FEE', '560.00', '008634'),
(49, 'MASTER STATISTICAL CONSULTANCY', '5353.00', '008642'),
(50, 'COMPREHENSIVE EXAMINATION FEE', '4234.00', '008642'),
(65, 'TUITION FEES NSTP', '32534.00', '008636'),
(66, 'NSTP MODULE', '56466.00', '008636'),
(85, 'TUITION FEES DOLLAR', '50000.00', '008635'),
(86, 'ATHLETIC FEES', '17000.00', '008635'),
(87, 'LABORATORY FEE', '600.00', '008859'),
(88, 'GRADUATION FEE', '3000.00', '008861'),
(89, 'TUITION FEES NSTP', '50000.00', '008637'),
(90, 'TUITION FEES NSTP', '5000.00', '008637'),
(91, 'LIBRARY FEES', '4343.00', '008862'),
(92, 'COMPLETION', '250.00', '008862'),
(93, 'SCHOOL UNIFORM', '2350.00', '008863'),
(94, 'DIPLOMA', '500.00', '008863'),
(95, 'DIPLOMA', '342.00', '008864'),
(96, 'COMPREHENSIVE EXAMINATION FEE', '450.00', '008864'),
(97, 'CLEARANCE AND CERTIFICATION FEE', '590.00', '008866'),
(98, 'RETRIEVAL', '1489.00', '008867'),
(99, 'STATISTICAL CONSULTANCY', '1899.00', '008868'),
(100, 'LABORATORY FEE', '654.00', '008869'),
(111, 'CULTURAL FEES', '77150.00', '008638'),
(112, 'TUITION FEES', '850.00', '008638');

-- --------------------------------------------------------

--
-- Table structure for table `deposit`
--

CREATE TABLE `deposit` (
  `DEP_ID` int(11) NOT NULL,
  `OR_NUM` decimal(10,2) DEFAULT NULL,
  `GROUP_ID` varchar(50) DEFAULT NULL,
  `STATUS` varchar(50) DEFAULT NULL,
  `DATE_SCHEDULED` datetime DEFAULT NULL,
  `DATE_DEPOSITED` datetime DEFAULT NULL,
  `DATE_UPDATED` datetime DEFAULT NULL,
  `NOTES` varchar(255) DEFAULT NULL,
  `SLIP_NUM` varchar(50) DEFAULT NULL,
  `USER_ID` int(11) DEFAULT NULL
) ENGINE=InnoDB DEFAULT CHARSET=utf8mb4;

--
-- Dumping data for table `deposit`
--

INSERT INTO `deposit` (`DEP_ID`, `OR_NUM`, `GROUP_ID`, `STATUS`, `DATE_SCHEDULED`, `DATE_DEPOSITED`, `DATE_UPDATED`, `NOTES`, `SLIP_NUM`, `USER_ID`) VALUES
(106, '8247.00', '2021-DEPOSIT-00010', 'DEPOSITED', '2021-02-25 00:00:00', '2021-02-24 17:51:37', '2021-02-22 20:38:36', 'Noted', '2021-158', 2),
(107, '8248.00', '2021-DEPOSIT-00010', 'DEPOSITED', '2021-02-25 00:00:00', '2021-02-24 17:51:37', '2021-02-22 20:38:36', 'Noted', '2021-158', 2),
(108, '8249.00', '2021-DEPOSIT-00010', 'DEPOSITED', '2021-02-25 00:00:00', '2021-02-24 17:51:37', '2021-02-22 20:38:36', 'Noted', '2021-158', 2),
(109, '8250.00', '2021-DEPOSIT-00010', 'DEPOSITED', '2021-02-25 00:00:00', '2021-02-24 17:51:37', '2021-02-22 20:38:37', 'Noted', '2021-158', 2),
(183, '8251.00', '2021-DEPOSIT-00011', 'DEPOSITED', '2021-02-28 00:00:00', '2021-02-24 22:02:04', '2021-02-24 17:58:47', 'Collection date: Feb. 24, 2021', '2021-158', 2),
(184, '8252.00', '2021-DEPOSIT-00011', 'DEPOSITED', '2021-02-28 00:00:00', '2021-02-24 22:02:04', '2021-02-24 17:58:47', 'Collection date: Feb. 24, 2021', '2021-158', 2),
(185, '8631.00', '2021-DEPOSIT-00012', 'DEPOSITED', '2021-02-26 00:00:00', '2021-02-25 16:04:17', '2021-02-24 18:04:40', 'SIS Payments', '2021-159', 2),
(186, '8632.00', '2021-DEPOSIT-00012', 'DEPOSITED', '2021-02-26 00:00:00', '2021-02-25 16:04:17', '2021-02-24 18:04:40', 'SIS Payments', '2021-159', 2),
(187, '8635.00', '2021-DEPOSIT-00012', 'DEPOSITED', '2021-02-26 00:00:00', '2021-02-25 16:04:17', '2021-02-24 18:04:40', 'SIS Payments', '2021-159', 2),
(188, '8634.00', '2021-DEPOSIT-00012', 'DEPOSITED', '2021-02-26 00:00:00', '2021-02-25 16:04:17', '2021-02-24 18:04:41', 'SIS Payments', '2021-159', 2),
(189, '8636.00', '2021-DEPOSIT-00012', 'DEPOSITED', '2021-02-26 00:00:00', '2021-02-25 16:04:17', '2021-02-24 18:04:41', 'SIS Payments', '2021-159', 2),
(195, '8246.00', '2021-DEPOSIT-00013', 'DEPOSITED', '2021-02-25 00:00:00', '2021-03-06 20:20:38', '2021-02-24 19:10:45', 'jbjlkk', '2021-160', 2),
(196, '8633.00', '2021-DEPOSIT-00013', 'DEPOSITED', '2021-02-25 00:00:00', '2021-03-06 20:20:38', '2021-02-24 19:11:13', 'jbjlkk', '2021-160', 2),
(197, '8630.00', '2021-DEPOSIT-00013', 'DEPOSITED', '2021-02-25 00:00:00', '2021-03-06 20:20:38', '2021-02-24 19:11:13', 'jbjlkk', '2021-160', 2),
(198, '8637.00', '2021-DEPOSIT-00013', 'DEPOSITED', '2021-02-25 00:00:00', '2021-03-06 20:20:38', '2021-02-24 19:12:24', 'jbjlkk', '2021-160', 2),
(199, '8638.00', '2021-DEPOSIT-00013', 'DEPOSITED', '2021-02-25 00:00:00', '2021-03-06 20:20:38', '2021-02-24 19:12:24', 'jbjlkk', '2021-160', 2),
(200, '8639.00', '2021-DEPOSIT-00013', 'DEPOSITED', '2021-02-25 00:00:00', '2021-03-06 20:20:38', '2021-02-24 19:12:24', 'jbjlkk', '2021-160', 2),
(201, '8640.00', '2021-DEPOSIT-00013', 'DEPOSITED', '2021-02-25 00:00:00', '2021-03-06 20:20:38', '2021-02-24 19:12:24', 'jbjlkk', '2021-160', 2),
(202, '8642.00', '2021-DEPOSIT-00013', 'DEPOSITED', '2021-02-25 00:00:00', '2021-03-06 20:20:38', '2021-02-24 19:12:33', 'jbjlkk', '2021-160', 2),
(203, '8641.00', '2021-DEPOSIT-00013', 'DEPOSITED', '2021-02-25 00:00:00', '2021-03-06 20:20:38', '2021-02-24 19:12:33', 'jbjlkk', '2021-160', 2),
(204, '8859.00', '2021-DEPOSIT-00013', 'DEPOSITED', '2021-02-25 00:00:00', '2021-03-06 20:20:38', '2021-02-24 19:12:33', 'jbjlkk', '2021-160', 2),
(205, '8860.00', '2021-DEPOSIT-00013', 'DEPOSITED', '2021-02-25 00:00:00', '2021-03-06 20:20:38', '2021-02-24 19:12:33', 'jbjlkk', '2021-160', 2),
(206, '8862.00', '2021-DEPOSIT-00013', 'DEPOSITED', '2021-02-25 00:00:00', '2021-03-06 20:20:38', '2021-02-24 19:12:34', 'jbjlkk', '2021-160', 2),
(207, '8861.00', '2021-DEPOSIT-00013', 'DEPOSITED', '2021-02-25 00:00:00', '2021-03-06 20:20:38', '2021-02-24 19:12:34', 'jbjlkk', '2021-160', 2),
(208, '8863.00', '2021-DEPOSIT-00013', 'DEPOSITED', '2021-02-25 00:00:00', '2021-03-06 20:20:38', '2021-02-24 19:12:34', 'jbjlkk', '2021-160', 2),
(230, '8238.00', '2021-DEPOSIT-00014', 'DEPOSITED', '2021-03-06 00:00:00', '2021-03-06 20:24:16', '2021-03-06 20:14:22', '', '2021-161', 2),
(231, '8239.00', '2021-DEPOSIT-00014', 'DEPOSITED', '2021-03-06 00:00:00', '2021-03-06 20:24:16', '2021-03-06 20:14:22', '', '2021-161', 2),
(232, '8240.00', '2021-DEPOSIT-00014', 'DEPOSITED', '2021-03-06 00:00:00', '2021-03-06 20:24:16', '2021-03-06 20:14:22', '', '2021-161', 2),
(233, '8241.00', '2021-DEPOSIT-00014', 'DEPOSITED', '2021-03-06 00:00:00', '2021-03-06 20:24:16', '2021-03-06 20:14:22', '', '2021-161', 2),
(234, '8242.00', '2021-DEPOSIT-00014', 'DEPOSITED', '2021-03-06 00:00:00', '2021-03-06 20:24:16', '2021-03-06 20:14:22', '', '2021-161', 2),
(235, '8243.00', '2021-DEPOSIT-00014', 'DEPOSITED', '2021-03-06 00:00:00', '2021-03-06 20:24:16', '2021-03-06 20:14:22', '', '2021-161', 2),
(236, '8244.00', '2021-DEPOSIT-00014', 'DEPOSITED', '2021-03-06 00:00:00', '2021-03-06 20:24:16', '2021-03-06 20:14:22', '', '2021-161', 2),
(237, '8245.00', '2021-DEPOSIT-00014', 'DEPOSITED', '2021-03-06 00:00:00', '2021-03-06 20:24:16', '2021-03-06 20:14:23', '', '2021-161', 2),
(238, '8864.00', '2021-DEPOSIT-00015', 'DEPOSITED', '2021-03-06 00:00:00', '2021-03-07 00:43:24', '2021-03-06 20:22:03', '', '110202', 2),
(239, '8241.00', '2021-DEPOSIT-00015', 'DEPOSITED', '2021-03-06 00:00:00', '2021-03-07 00:43:24', '2021-03-06 20:22:03', '', '110202', 2),
(240, '8239.00', '2021-DEPOSIT-00015', 'DEPOSITED', '2021-03-06 00:00:00', '2021-03-07 00:43:24', '2021-03-06 20:22:03', '', '110202', 2),
(241, '8240.00', '2021-DEPOSIT-00015', 'DEPOSITED', '2021-03-06 00:00:00', '2021-03-07 00:43:24', '2021-03-06 20:22:03', '', '110202', 2),
(242, '8242.00', '2021-DEPOSIT-00015', 'DEPOSITED', '2021-03-06 00:00:00', '2021-03-07 00:43:24', '2021-03-06 20:22:03', '', '110202', 2),
(243, '8243.00', '2021-DEPOSIT-00015', 'DEPOSITED', '2021-03-06 00:00:00', '2021-03-07 00:43:24', '2021-03-06 20:22:03', '', '110202', 2),
(244, '8244.00', '2021-DEPOSIT-00015', 'DEPOSITED', '2021-03-06 00:00:00', '2021-03-07 00:43:24', '2021-03-06 20:22:03', '', '110202', 2),
(245, '8245.00', '2021-DEPOSIT-00015', 'DEPOSITED', '2021-03-06 00:00:00', '2021-03-07 00:43:24', '2021-03-06 20:22:03', '', '110202', 2),
(246, '8868.00', '2021-DEPOSIT-00016', 'DEPOSITED', '2021-03-06 00:00:00', '2021-03-06 20:25:58', '2021-03-06 20:25:43', '', '2021-162', 2),
(247, '8971.00', '2021-DEPOSIT-00017', 'FOR REMIT', '2021-03-08 00:00:00', NULL, '2021-03-07 00:38:37', '', NULL, 2),
(248, '8972.00', '2021-DEPOSIT-00017', 'FOR REMIT', '2021-03-08 00:00:00', NULL, '2021-03-07 00:38:37', '', NULL, 2),
(249, '8867.00', '2021-DEPOSIT-00018', 'DEPOSITED', '2021-03-08 00:00:00', '2021-03-07 13:41:26', '2021-03-07 13:40:15', '', '2344244', 2),
(250, '8865.00', '2021-DEPOSIT-00018', 'DEPOSITED', '2021-03-08 00:00:00', '2021-03-07 13:41:26', '2021-03-07 13:40:15', '', '2344244', 2),
(251, '8866.00', '2021-DEPOSIT-00018', 'DEPOSITED', '2021-03-08 00:00:00', '2021-03-07 13:41:26', '2021-03-07 13:40:16', '', '2344244', 2);

-- --------------------------------------------------------

--
-- Table structure for table `django_admin_log`
--

CREATE TABLE `django_admin_log` (
  `id` int(11) NOT NULL,
  `action_time` datetime(6) NOT NULL,
  `object_id` longtext DEFAULT NULL,
  `object_repr` varchar(200) NOT NULL,
  `action_flag` smallint(5) UNSIGNED NOT NULL CHECK (`action_flag` >= 0),
  `change_message` longtext NOT NULL,
  `content_type_id` int(11) DEFAULT NULL,
  `user_id` int(11) NOT NULL
) ENGINE=InnoDB DEFAULT CHARSET=utf8mb4;

-- --------------------------------------------------------

--
-- Table structure for table `django_content_type`
--

CREATE TABLE `django_content_type` (
  `id` int(11) NOT NULL,
  `app_label` varchar(100) NOT NULL,
  `model` varchar(100) NOT NULL
) ENGINE=InnoDB DEFAULT CHARSET=utf8mb4;

--
-- Dumping data for table `django_content_type`
--

INSERT INTO `django_content_type` (`id`, `app_label`, `model`) VALUES
(1, 'admin', 'logentry'),
(3, 'auth', 'group'),
(2, 'auth', 'permission'),
(4, 'auth', 'user'),
(5, 'contenttypes', 'contenttype'),
(6, 'sessions', 'session');

-- --------------------------------------------------------

--
-- Table structure for table `django_migrations`
--

CREATE TABLE `django_migrations` (
  `id` int(11) NOT NULL,
  `app` varchar(255) NOT NULL,
  `name` varchar(255) NOT NULL,
  `applied` datetime(6) NOT NULL
) ENGINE=InnoDB DEFAULT CHARSET=utf8mb4;

--
-- Dumping data for table `django_migrations`
--

INSERT INTO `django_migrations` (`id`, `app`, `name`, `applied`) VALUES
(1, 'contenttypes', '0001_initial', '2020-10-23 13:08:21.395838'),
(2, 'auth', '0001_initial', '2020-10-23 13:08:24.348098'),
(3, 'admin', '0001_initial', '2020-10-23 13:08:34.937158'),
(4, 'admin', '0002_logentry_remove_auto_add', '2020-10-23 13:08:37.032877'),
(5, 'admin', '0003_logentry_add_action_flag_choices', '2020-10-23 13:08:37.101894'),
(6, 'contenttypes', '0002_remove_content_type_name', '2020-10-23 13:08:38.109687'),
(7, 'auth', '0002_alter_permission_name_max_length', '2020-10-23 13:08:39.501044'),
(8, 'auth', '0003_alter_user_email_max_length', '2020-10-23 13:08:39.774343'),
(9, 'auth', '0004_alter_user_username_opts', '2020-10-23 13:08:39.838624'),
(10, 'auth', '0005_alter_user_last_login_null', '2020-10-23 13:08:41.172865'),
(11, 'auth', '0006_require_contenttypes_0002', '2020-10-23 13:08:41.219498'),
(12, 'auth', '0007_alter_validators_add_error_messages', '2020-10-23 13:08:41.287512'),
(13, 'auth', '0008_alter_user_username_max_length', '2020-10-23 13:08:41.458211'),
(14, 'auth', '0009_alter_user_last_name_max_length', '2020-10-23 13:08:41.915864'),
(15, 'auth', '0010_alter_group_name_max_length', '2020-10-23 13:08:42.343708'),
(16, 'auth', '0011_update_proxy_permissions', '2020-10-23 13:08:42.439560'),
(17, 'sessions', '0001_initial', '2020-10-23 13:08:42.859024');

-- --------------------------------------------------------

--
-- Table structure for table `django_session`
--

CREATE TABLE `django_session` (
  `session_key` varchar(40) NOT NULL,
  `session_data` longtext NOT NULL,
  `expire_date` datetime(6) NOT NULL
) ENGINE=InnoDB DEFAULT CHARSET=utf8mb4;

--
-- Dumping data for table `django_session`
--

INSERT INTO `django_session` (`session_key`, `session_data`, `expire_date`) VALUES
('12fhqz6eqnryz0yopi7jtapjpkq3d61a', 'N2RiNmI1ZTcyNmE5NDVjOTJjNzYxYzI3YzVlMzg1MDgzMDE1NWJlNzp7InVuYW1lIjoibWVncyIsInJvbGUiOjJ9', '2021-02-21 10:27:58.479928'),
('39k9up6fa6b3ky71ya62ru7lskl34r8k', 'ZjUyZmJmMTZmODQ2MGE0MGUzMmY5N2YzOGQyZjM0YzczYjgxMDU1YTp7fQ==', '2020-12-11 01:51:09.586188'),
('3be5r7h41zdwu7lys01p189knsjqkg2x', 'N2RiNmI1ZTcyNmE5NDVjOTJjNzYxYzI3YzVlMzg1MDgzMDE1NWJlNzp7InVuYW1lIjoibWVncyIsInJvbGUiOjJ9', '2021-03-21 05:24:05.453565'),
('3bnw7zbo5t2tg6vdq52du7rom1c42a30', 'N2RiNmI1ZTcyNmE5NDVjOTJjNzYxYzI3YzVlMzg1MDgzMDE1NWJlNzp7InVuYW1lIjoibWVncyIsInJvbGUiOjJ9', '2021-02-22 17:01:13.071147'),
('5rwvfetzw6hb0r9a1wsln1xlw1g086md', 'N2RiNmI1ZTcyNmE5NDVjOTJjNzYxYzI3YzVlMzg1MDgzMDE1NWJlNzp7InVuYW1lIjoibWVncyIsInJvbGUiOjJ9', '2021-02-21 00:14:40.378776'),
('c58i8zxkutqe3kz8y0mr3q0ptplc3m00', 'ZjUyZmJmMTZmODQ2MGE0MGUzMmY5N2YzOGQyZjM0YzczYjgxMDU1YTp7fQ==', '2020-12-10 21:08:56.555178'),
('czfl7dqma1as6r8cywh0efuf2tjn0ax7', 'MTZiMTZkMDkwOTlhZDVkYTViYTg1MzRlNDIxOTYwMDNmYTM4NmRlNDp7InVuYW1lIjoidmFuMDIxOSIsInJvbGUiOjF9', '2021-01-13 05:51:06.819861'),
('fsz5lqt1ndpeetlqr4kxk477yu35czn7', 'N2RiNmI1ZTcyNmE5NDVjOTJjNzYxYzI3YzVlMzg1MDgzMDE1NWJlNzp7InVuYW1lIjoibWVncyIsInJvbGUiOjJ9', '2021-03-07 20:03:42.061979'),
('hl8x81y7a17w08hpk373t7ryoppby6sy', 'MTZiMTZkMDkwOTlhZDVkYTViYTg1MzRlNDIxOTYwMDNmYTM4NmRlNDp7InVuYW1lIjoidmFuMDIxOSIsInJvbGUiOjF9', '2021-03-20 21:09:28.542591'),
('isnahii2vupglitekl9z42zd80dy7krb', 'N2RiNmI1ZTcyNmE5NDVjOTJjNzYxYzI3YzVlMzg1MDgzMDE1NWJlNzp7InVuYW1lIjoibWVncyIsInJvbGUiOjJ9', '2021-01-01 02:02:04.737300'),
('istn575r9cmjpomrvv4dbjxl9lc5t7yr', 'N2RiNmI1ZTcyNmE5NDVjOTJjNzYxYzI3YzVlMzg1MDgzMDE1NWJlNzp7InVuYW1lIjoibWVncyIsInJvbGUiOjJ9', '2021-03-08 08:27:25.905790'),
('j4olfvzo098u5x2ze7h06d5wtnoavfgp', 'MTZiMTZkMDkwOTlhZDVkYTViYTg1MzRlNDIxOTYwMDNmYTM4NmRlNDp7InVuYW1lIjoidmFuMDIxOSIsInJvbGUiOjF9', '2021-03-22 08:15:20.945502'),
('m3o0vsbv45jh089vh3gydyu169mdtkvt', 'MTZiMTZkMDkwOTlhZDVkYTViYTg1MzRlNDIxOTYwMDNmYTM4NmRlNDp7InVuYW1lIjoidmFuMDIxOSIsInJvbGUiOjF9', '2020-12-19 02:28:10.950441'),
('qycoimexdsv8dcmiiips55koinaydnhc', 'N2RiNmI1ZTcyNmE5NDVjOTJjNzYxYzI3YzVlMzg1MDgzMDE1NWJlNzp7InVuYW1lIjoibWVncyIsInJvbGUiOjJ9', '2021-03-17 10:34:45.737135'),
('r6qsjc8o20p2wwqotrht8xztxjaro5za', 'N2RiNmI1ZTcyNmE5NDVjOTJjNzYxYzI3YzVlMzg1MDgzMDE1NWJlNzp7InVuYW1lIjoibWVncyIsInJvbGUiOjJ9', '2021-02-11 03:52:58.041237'),
('sqws77hgwmturelx3u166l22cqn7y7ve', 'N2RiNmI1ZTcyNmE5NDVjOTJjNzYxYzI3YzVlMzg1MDgzMDE1NWJlNzp7InVuYW1lIjoibWVncyIsInJvbGUiOjJ9', '2021-03-09 08:48:03.674253'),
('tn1hwwit49taeyck2qrk1uv67wwbnt3k', 'MTZiMTZkMDkwOTlhZDVkYTViYTg1MzRlNDIxOTYwMDNmYTM4NmRlNDp7InVuYW1lIjoidmFuMDIxOSIsInJvbGUiOjF9', '2021-03-21 01:47:49.164429'),
('vav52xes9rdnnyoqfei0qzxzeso757ti', 'N2RiNmI1ZTcyNmE5NDVjOTJjNzYxYzI3YzVlMzg1MDgzMDE1NWJlNzp7InVuYW1lIjoibWVncyIsInJvbGUiOjJ9', '2021-02-21 09:34:23.696775'),
('vvds0afcod9fkn9kkg4esdk2dnsxx64b', 'N2RiNmI1ZTcyNmE5NDVjOTJjNzYxYzI3YzVlMzg1MDgzMDE1NWJlNzp7InVuYW1lIjoibWVncyIsInJvbGUiOjJ9', '2021-03-21 06:29:43.803693'),
('xi0r3zd813q750oolxtp2rzvves1i9aa', 'N2RiNmI1ZTcyNmE5NDVjOTJjNzYxYzI3YzVlMzg1MDgzMDE1NWJlNzp7InVuYW1lIjoibWVncyIsInJvbGUiOjJ9', '2021-02-09 20:28:38.729315');

-- --------------------------------------------------------

--
-- Table structure for table `fund`
--

CREATE TABLE `fund` (
  `FUND_TYPE` varchar(50) NOT NULL,
  `FUND_CODE` varchar(50) NOT NULL,
  `DATE_ADDED` datetime DEFAULT NULL,
  `IS_ACTIVE` tinyint(4) DEFAULT 1
) ENGINE=InnoDB DEFAULT CHARSET=utf8mb4;

--
-- Dumping data for table `fund`
--

INSERT INTO `fund` (`FUND_TYPE`, `FUND_CODE`, `DATE_ADDED`, `IS_ACTIVE`) VALUES
('NEW FUND TYPE', '12345', '2021-03-07 13:23:02', 0),
('NEW FUND TYPPE', '846', '2021-02-16 18:55:25', 0),
('NEW INC TYPE', '1238293', '2021-01-06 20:28:31', 0),
('REGULAR TRUST FUND', '5 02 06 441 (164)', '2020-12-30 02:05:20', 1),
('SPECIAL TRUST FUND', '05 2 06 441 (164)', '2020-12-30 02:03:44', 1);

-- --------------------------------------------------------

--
-- Table structure for table `income`
--

CREATE TABLE `income` (
  `INCOME_TYPE` varchar(50) NOT NULL,
  `DATE_ADDED` datetime DEFAULT NULL,
  `IS_ACTIVE` tinyint(4) DEFAULT 1
) ENGINE=InnoDB DEFAULT CHARSET=utf8mb4;

--
-- Dumping data for table `income`
--

INSERT INTO `income` (`INCOME_TYPE`, `DATE_ADDED`, `IS_ACTIVE`) VALUES
('BUSINESS INCOME', '2020-12-30 02:16:56', 1),
('SERVICE INCOME', '2020-12-30 02:16:25', 1);

-- --------------------------------------------------------

--
-- Table structure for table `or_set`
--

CREATE TABLE `or_set` (
  `ID` int(11) NOT NULL,
  `OR_NUM_START` varchar(50) NOT NULL,
  `OR_NUM_END` varchar(50) NOT NULL,
  `OR_DATE_FROM` datetime DEFAULT NULL,
  `OR_DATE_TO` datetime DEFAULT NULL
) ENGINE=InnoDB DEFAULT CHARSET=utf8mb4;

--
-- Dumping data for table `or_set`
--

INSERT INTO `or_set` (`ID`, `OR_NUM_START`, `OR_NUM_END`, `OR_DATE_FROM`, `OR_DATE_TO`) VALUES
(1, '008238', '008438', '2021-01-01 00:00:00', '2021-01-31 00:00:00'),
(2, '008630', '008830', '2021-02-01 00:00:00', '2021-02-28 00:00:00'),
(3, '008859', '008960', '2021-03-01 00:00:00', '2021-03-31 00:00:00');

-- --------------------------------------------------------

--
-- Table structure for table `role`
--

CREATE TABLE `role` (
  `ROLE_ID` int(11) NOT NULL,
  `ROLE_NAME` varchar(50) NOT NULL,
  `DATE_CREATED` datetime NOT NULL
) ENGINE=InnoDB DEFAULT CHARSET=utf8mb4;

--
-- Dumping data for table `role`
--

INSERT INTO `role` (`ROLE_ID`, `ROLE_NAME`, `DATE_CREATED`) VALUES
(1, 'ADMIN', '2020-11-18 04:38:32'),
(2, 'CASHIER', '2020-11-18 04:39:18');

-- --------------------------------------------------------

--
-- Table structure for table `student`
--

CREATE TABLE `student` (
  `STUD_NO` varchar(50) NOT NULL,
  `FNAME` varchar(50) NOT NULL,
  `MNAME` varchar(50) DEFAULT NULL,
  `LNAME` varchar(50) NOT NULL,
  `COURSE` varchar(50) NOT NULL,
  `YR` int(11) NOT NULL,
  `SEC` int(11) NOT NULL,
  `IS_ACTIVE` tinyint(4) DEFAULT 1
) ENGINE=InnoDB DEFAULT CHARSET=utf8mb4;

--
-- Dumping data for table `student`
--

INSERT INTO `student` (`STUD_NO`, `FNAME`, `MNAME`, `LNAME`, `COURSE`, `YR`, `SEC`, `IS_ACTIVE`) VALUES
('2017-00007-CM-0', 'MARK LOURENZ', '', 'FLORES', 'BSIT', 4, 1, 1),
('2017-00011-CM-0', 'ALEXANDRA', '', 'ERMITA', 'BSIT', 4, 1, 1),
('2017-00034-CM-0', 'ROSANO', '', 'SORIA', 'BSIT', 4, 1, 1),
('2017-00040-CM-0', 'CHANTAL', '', 'DIVERSON', 'BSIT', 4, 1, 1),
('2017-00043-CM-0', 'MARIZ', '', 'MONTEMAYOR', 'BSIT', 4, 1, 1),
('2017-00045-CM-0', 'RODEL', '', 'DUTERTE', 'BSIT', 4, 1, 1),
('2017-00099-CM-0', 'DANIEL', '', 'JIMENEZ', 'BSIT', 4, 1, 1),
('2017-00100-CM-0', 'GLENN', '', 'BALIZA', 'BSIT', 4, 1, 1),
('2017-00107-CM-0', 'SHEENA MARIE', '', 'MANJARES', 'BSIT', 4, 1, 1),
('2017-00110-CM-0', 'RALPH LAWRENCE', '', 'TARLAC', 'BSIT', 4, 1, 1),
('2017-00117-CM-0', 'JOHN CHRISTOPHER', '', 'MORALES', 'BSIT', 4, 1, 1),
('2017-00188-CM-0', 'JAYSON', '', 'GUEVARRA', 'BSIT', 4, 1, 1),
('2017-00257-CM-0', 'RICHARD', '', 'VILLACORTA', 'BSIT', 4, 1, 1),
('2017-00273-CM-0', 'DAISY', '', 'BRILLO', 'BSIT', 4, 1, 1),
('2017-00275-CM-0', 'JOHN PHILIP', '', 'VILLANUEVA', 'BSIT', 4, 1, 1),
('2017-00288-CM-0', 'JOSHUA VENELL', '', 'LAXAMANA', 'BSIT', 4, 1, 1),
('2017-00293-CM-0', 'VAN ANTHONY', '', 'SILLEZA', 'BSIT', 4, 1, 1),
('2017-00297-CM-0', 'JELLIE MAE', '', 'ORTIZ', 'BSIT', 4, 1, 1),
('2017-00299-CM-0', 'EARL JOHN', '', 'ESPAÑOLA', 'BSIT', 4, 1, 1),
('2017-00306-CM-0', 'JESSIE JAMES', '', 'MERCURIO', 'BSIT', 4, 1, 1),
('2017-00308-CM-0', 'MARK KENNEDY', '', 'ASILAN', 'BSIT', 4, 1, 1),
('2017-00331-CM-0', 'ROMUALDO', '', 'LAGON', 'BSIT', 4, 1, 1),
('2017-00336-CM-0', 'ANEL THOM', '', 'MACALLA', 'BSIT', 4, 1, 1),
('2017-00346-CM-0', 'JONATHAN', '', 'CAÑOLAS', 'BSIT', 4, 1, 1),
('2017-00389-CM-1', 'MARINEL', '', 'CANTUJA', 'BSIT', 4, 1, 1),
('2017-00403-CM-0', 'LEAH', '', 'MACALIPAY', 'BSIT', 4, 1, 1),
('2018-00651-CM-1', 'QUEEN KIMBERLY', 'PENEDILLA', 'PANLUBASAN', 'BSIT', 4, 1, 1);

-- --------------------------------------------------------

--
-- Table structure for table `uacs`
--

CREATE TABLE `uacs` (
  `UACS_CODE` varchar(50) NOT NULL,
  `OLD_CODE` varchar(50) DEFAULT NULL,
  `FUND_TYPE` varchar(50) DEFAULT NULL,
  `INCOME_TYPE` varchar(50) DEFAULT NULL,
  `DESC` varchar(50) NOT NULL,
  `DATE_ADDED` datetime DEFAULT NULL,
  `IS_ACTIVE` tinyint(4) DEFAULT 1,
  `LAST_UPDATED` datetime DEFAULT NULL
) ENGINE=InnoDB DEFAULT CHARSET=utf8mb4;

--
-- Dumping data for table `uacs`
--

INSERT INTO `uacs` (`UACS_CODE`, `OLD_CODE`, `FUND_TYPE`, `INCOME_TYPE`, `DESC`, `DATE_ADDED`, `IS_ACTIVE`, `LAST_UPDATED`) VALUES
('0821939902', 'N/A', 'REGULAR TRUST FUND', 'SERVICE INCOME', 'NEW PAYMENT New', '2021-02-16 18:54:18', 0, '2021-02-16 18:54:55'),
('083 393 839739', 'N/A', 'REGULAR TRUST FUND', 'SERVICE INCOME', 'NEW FEE', '2021-03-07 13:22:27', 1, NULL),
('12444', 'N/A', 'REGULAR TRUST FUND', 'SERVICE INCOME', 'PENALTIES', '2021-03-06 23:21:38', 0, '2021-03-06 23:24:22'),
('2 99 99 990 00 00000', '439', 'SPECIAL TRUST FUND', NULL, 'OTHER PAYABLE', '2020-12-30 03:02:58', 1, '2021-01-06 17:27:25'),
('4 02 01 040 00 00000', '613', 'SPECIAL TRUST FUND', 'BUSINESS INCOME', 'CLEARANCE AND CERTIFICATION FEE', '2020-12-30 02:23:46', 1, '2021-01-05 01:03:21'),
('4 02 01 140 00 00000', '629', 'SPECIAL TRUST FUND', 'SERVICE INCOME', 'FINES AND PENALTIES', '2020-12-30 02:26:33', 1, NULL),
('4 02 01 990 99 00001', '628A', 'SPECIAL TRUST FUND', 'SERVICE INCOME', 'ID', '2020-12-30 02:27:31', 1, '2021-01-05 19:55:11'),
('4 02 01 990 99 00002', '628B', 'SPECIAL TRUST FUND', 'SERVICE INCOME', 'ENTRANCE FEES', '2020-12-30 02:28:02', 1, '2021-01-03 03:17:41'),
('4 02 01 990 99 00003', '628b1', 'SPECIAL TRUST FUND', 'SERVICE INCOME', 'ENGLISH TEST', '2020-12-30 02:28:36', 1, NULL),
('4 02 01 990 99 00004', '628C', 'SPECIAL TRUST FUND', 'SERVICE INCOME', 'MODULE', '2020-12-30 02:28:58', 1, NULL),
('4 02 01 990 99 00005', '628C1', 'SPECIAL TRUST FUND', 'SERVICE INCOME', 'NSTP MODULE', '2020-12-30 02:29:32', 1, NULL),
('4 02 01 990 99 00006', '628C2', 'SPECIAL TRUST FUND', 'SERVICE INCOME', 'GRADUATE FORUM', '2020-12-30 02:30:00', 1, NULL),
('4 02 01 990 99 00007', '628C5', 'SPECIAL TRUST FUND', 'SERVICE INCOME', 'PUBLICATION', '2020-12-30 02:30:20', 1, NULL),
('4 02 01 990 99 00008', '628D', 'SPECIAL TRUST FUND', 'SERVICE INCOME', 'INCOME FROM IT', '2020-12-30 02:30:56', 1, NULL),
('4 02 01 990 99 00009', '628E', 'SPECIAL TRUST FUND', 'SERVICE INCOME', 'REGISTRATION', '2020-12-30 02:31:20', 1, NULL),
('4 02 01 990 99 00020', '628J', 'SPECIAL TRUST FUND', 'SERVICE INCOME', 'PERMIT FEE', '2020-12-30 02:31:43', 1, NULL),
('4 02 01 990 99 00021', '628K1', 'SPECIAL TRUST FUND', 'SERVICE INCOME', 'DUPLICATE', '2020-12-30 02:32:07', 1, NULL),
('4 02 01 990 99 00022', '628K2', 'SPECIAL TRUST FUND', 'SERVICE INCOME', 'HD', '2020-12-30 02:32:24', 1, NULL),
('4 02 01 990 99 00023', '628K3', 'SPECIAL TRUST FUND', 'SERVICE INCOME', 'COMPLETION', '2020-12-30 02:32:52', 1, '2021-01-03 02:58:57'),
('4 02 01 990 99 00024', '628K4', 'SPECIAL TRUST FUND', 'SERVICE INCOME', 'READMISSION', '2020-12-30 02:33:14', 1, NULL),
('4 02 01 990 99 00025', '628K5', 'SPECIAL TRUST FUND', 'SERVICE INCOME', 'RETRIEVAL', '2020-12-30 02:33:31', 1, NULL),
('4 02 01 990 99 00026', '628K6', 'SPECIAL TRUST FUND', 'SERVICE INCOME', 'HANDBOOK', '2020-12-30 02:33:48', 1, NULL),
('4 02 01 990 99 00027', '628K7', 'SPECIAL TRUST FUND', 'SERVICE INCOME', 'SCANNABLE', '2020-12-30 02:34:05', 1, NULL),
('4 02 01 990 99 00028', '628K8', 'SPECIAL TRUST FUND', 'SERVICE INCOME', 'CHANGE SUBJECT', '2020-12-30 02:34:25', 1, NULL),
('4 02 01 990 99 00029', '628K9', 'SPECIAL TRUST FUND', 'SERVICE INCOME', 'ACCREDITATION', '2020-12-30 02:34:44', 1, NULL),
('4 02 01 990 99 00030', '628K10', 'SPECIAL TRUST FUND', 'SERVICE INCOME', 'EVALUATION', '2020-12-30 02:35:13', 1, NULL),
('4 02 01 990 99 00031', '628K11', 'SPECIAL TRUST FUND', 'SERVICE INCOME', 'GUIDANCE FEE', '2020-12-30 02:35:44', 1, NULL),
('4 02 01 990 99 00032', '628K12', 'SPECIAL TRUST FUND', 'SERVICE INCOME', 'PSYCHOLOGICAL EXAM', '2020-12-30 02:36:07', 1, NULL),
('4 02 01 990 99 00033', '628L', 'SPECIAL TRUST FUND', 'SERVICE INCOME', 'DEVELOPMENTAL FEE', '2020-12-30 02:36:39', 1, NULL),
('4 02 01 990 99 00034', '628L1', 'SPECIAL TRUST FUND', 'SERVICE INCOME', 'SIS', '2020-12-30 02:36:55', 1, NULL),
('4 02 01 990 99 00035', '628L2', 'SPECIAL TRUST FUND', 'SERVICE INCOME', 'ITD', '2020-12-30 02:37:12', 1, NULL),
('4 02 01 990 99 00036', '628M', 'SPECIAL TRUST FUND', 'SERVICE INCOME', 'AUTHENTICATION FEE', '2020-12-30 02:37:37', 1, NULL),
('4 02 01 990 99 00037', '628N', 'SPECIAL TRUST FUND', 'SERVICE INCOME', 'SPORTS DEVELOPMENT', '2020-12-30 02:38:21', 1, NULL),
('4 02 01 990 99 00038', '628P', 'SPECIAL TRUST FUND', 'SERVICE INCOME', 'DEPOSIT', '2020-12-30 02:38:41', 1, NULL),
('4 02 01 990 99 00039', '628O', 'SPECIAL TRUST FUND', 'SERVICE INCOME', 'PUP SPONSOR SEMINAR', '2020-12-30 02:39:08', 1, NULL),
('4 02 01 990 99 00041', '628S', 'SPECIAL TRUST FUND', 'SERVICE INCOME', 'ENERGY FEE', '2020-12-30 02:39:31', 1, NULL),
('4 02 01 990 99 00042', '628T', 'SPECIAL TRUST FUND', 'SERVICE INCOME', 'TUTORIAL', '2020-12-30 02:39:51', 1, NULL),
('4 02 01 990 99 00043', '628U', 'SPECIAL TRUST FUND', 'SERVICE INCOME', 'MEMORABILIA', '2020-12-30 02:41:19', 1, NULL),
('4 02 01 990 99 00044', '628V', 'SPECIAL TRUST FUND', 'SERVICE INCOME', 'VERIFICATION', '2020-12-30 02:41:36', 1, NULL),
('4 02 01 990 99 00048', '628D2', 'SPECIAL TRUST FUND', 'SERVICE INCOME', 'STATISTICAL CONSULTANCY', '2020-12-30 02:42:15', 1, NULL),
('4 02 01 990 99 00049', '628D1', 'SPECIAL TRUST FUND', 'SERVICE INCOME', 'MASTER STATISTICAL CONSULTANCY', '2020-12-30 02:42:52', 1, NULL),
('4 02 01 990 99 00050', '628C3', 'SPECIAL TRUST FUND', 'SERVICE INCOME', 'RESEARCH JOURNAL', '2020-12-30 02:44:34', 1, NULL),
('4 02 01 990 99 00051', '628X', 'SPECIAL TRUST FUND', 'SERVICE INCOME', 'NSTP PROGRAM', '2020-12-30 02:44:54', 1, NULL),
('4 02 02 010 01 00000', '644', 'SPECIAL TRUST FUND', 'BUSINESS INCOME', 'TUITION FEES', '2020-12-30 02:45:51', 1, NULL),
('4 02 02 010 01 00001', '644A', 'SPECIAL TRUST FUND', 'BUSINESS INCOME', 'TUITION FEES NSTP', '2020-12-30 02:46:08', 1, NULL),
('4 02 02 010 01 00002', '644C', 'SPECIAL TRUST FUND', 'BUSINESS INCOME', 'TUITION FEES DOLLAR', '2020-12-30 02:46:23', 1, NULL),
('4 02 02 010 99 00001', '612', 'SPECIAL TRUST FUND', 'BUSINESS INCOME', 'CULTURAL FEES', '2020-12-30 02:47:34', 1, NULL),
('4 02 02 010 99 00002', '612A', 'SPECIAL TRUST FUND', 'BUSINESS INCOME', 'ATHLETIC FEES', '2020-12-30 02:47:53', 1, NULL),
('4 02 02 010 99 00003', '612B', 'SPECIAL TRUST FUND', 'BUSINESS INCOME', 'ATHLETIC DEVELOPMENT FEES', '2020-12-30 02:48:18', 1, NULL),
('4 02 02 010 99 00004', '615', 'SPECIAL TRUST FUND', 'BUSINESS INCOME', 'DIPLOMA', '2020-12-30 02:48:36', 1, NULL),
('4 02 02 010 99 00005', '615A', 'SPECIAL TRUST FUND', 'BUSINESS INCOME', 'GRADUATION FEE', '2020-12-30 02:48:59', 1, NULL),
('4 02 02 010 99 00006', '618', 'SPECIAL TRUST FUND', 'BUSINESS INCOME', 'LIBRARY FEES', '2020-12-30 02:49:42', 1, NULL),
('4 02 02 010 99 00007', '619A', 'SPECIAL TRUST FUND', 'BUSINESS INCOME', 'MEDICAL, DENTAL', '2020-12-30 02:50:11', 1, NULL),
('4 02 02 010 99 00008', '619', 'SPECIAL TRUST FUND', 'BUSINESS INCOME', 'LABORATORY FEE', '2020-12-30 02:50:48', 1, NULL),
('4 02 02 010 99 00009', '624', 'SPECIAL TRUST FUND', 'BUSINESS INCOME', 'TRANSCRIPT OF RECORD FEES', '2020-12-30 02:51:20', 1, NULL),
('4 02 02 010 99 00010', '624A', 'SPECIAL TRUST FUND', 'BUSINESS INCOME', 'TRANSCRIPT OF RECORD FEES(SCANNED PHOTO)', '2020-12-30 02:51:55', 1, NULL),
('4 02 02 030 00 00000', '614', 'SPECIAL TRUST FUND', 'BUSINESS INCOME', 'COMPREHENSIVE EXAMINATION FEE', '2020-12-30 02:53:04', 1, NULL),
('4 02 02 050 00 00000', '642', 'SPECIAL TRUST FUND', 'BUSINESS INCOME', 'RENT INCOME/CANTEEN', '2020-12-30 02:53:59', 1, NULL),
('4 02 02 050 00 00001', '642', 'SPECIAL TRUST FUND', 'BUSINESS INCOME', 'RENTAL', '2020-12-30 02:55:37', 1, NULL),
('4 02 02 050 00 00005', '642B3', 'SPECIAL TRUST FUND', 'BUSINESS INCOME', 'ELECTRICITY', '2020-12-30 02:56:04', 1, NULL),
('4 02 02 050 00 00006', '642C', 'SPECIAL TRUST FUND', 'BUSINESS INCOME', 'FACILITIES', '2020-12-30 02:56:28', 1, NULL),
('4 02 02 990 99 00004', '648K', 'SPECIAL TRUST FUND', 'BUSINESS INCOME', 'BOOKS', '2020-12-30 02:57:42', 1, NULL),
('4 02 02 990 99 00005', '628D1', 'SPECIAL TRUST FUND', 'BUSINESS INCOME', 'MEDICAL EXAM', '2020-12-30 02:58:37', 1, NULL),
('4 02 02 990 99 00006', '648E', 'SPECIAL TRUST FUND', 'BUSINESS INCOME', 'PE UNIFORM', '2020-12-30 02:59:40', 1, NULL),
('4 02 02 990 99 00007', '648E4', 'SPECIAL TRUST FUND', 'BUSINESS INCOME', 'SCHOOL UNIFORM', '2020-12-30 02:59:57', 1, NULL),
('4 02 02 990 99 00008', '648E4', 'SPECIAL TRUST FUND', 'BUSINESS INCOME', 'SCHOOL UNIFORM SENIOR HIGH', '2020-12-30 03:00:58', 1, NULL);

-- --------------------------------------------------------

--
-- Table structure for table `user`
--

CREATE TABLE `user` (
  `USER_ID` int(11) NOT NULL,
  `FNAME` varchar(50) NOT NULL,
  `MNAME` varchar(50) DEFAULT NULL,
  `LNAME` varchar(50) NOT NULL,
  `UNAME` varchar(50) NOT NULL,
  `PSWORD` varchar(50) NOT NULL,
  `DATE_ADDED` datetime NOT NULL,
  `ROLE_ID` int(11) DEFAULT NULL,
  `IS_ACTIVE` tinyint(4) DEFAULT 1
) ENGINE=InnoDB DEFAULT CHARSET=utf8mb4;

--
-- Dumping data for table `user`
--

INSERT INTO `user` (`USER_ID`, `FNAME`, `MNAME`, `LNAME`, `UNAME`, `PSWORD`, `DATE_ADDED`, `ROLE_ID`, `IS_ACTIVE`) VALUES
(1, 'Van Anthony', '', 'Silleza', 'van0219', '054eba9e024b4b0c4e7b5143ef573748', '2020-11-21 07:23:36', 1, 1),
(2, 'Merly', 'B', 'Gonzalbo', 'megs', '054eba9e024b4b0c4e7b5143ef573748', '2020-11-27 09:21:26', 2, 1),
(3, 'Marinel', 'B', 'Cantuja', 'manel', '45917634c7cac19dcadcc247665f65a8', '2020-12-17 14:15:35', 1, 1),
(4, 'Nicolas', 'Q', 'Potter', 'nicky', '054eba9e024b4b0c4e7b5143ef573748', '2021-01-05 03:22:35', 2, 0),
(5, 'Feliz', 'na', 'Vidad', 'feliznavidad', '40924e2909af51f448fc5d287aedb525', '2021-01-06 17:06:27', 2, 0),
(6, 'Rose', '.', 'Escober', 'rosey', '45917634c7cac19dcadcc247665f65a8', '2021-01-06 18:38:33', 1, 1),
(7, 'New User', '', 'Neeee', 'newuser', '878b3c5b9f1887aa74130b03894d23cf', '2021-02-16 18:49:19', 1, 0),
(8, 'Queen ', 'Penedilla', 'Panlubasan', 'kim0006', '222c29a0a4ad5737dc632a0d905b0206', '2021-03-06 22:56:13', 2, 1),
(9, 'new', 'user', 'news', 'usernew', '7a0f98436ec7901f5bed8d6c94c50493', '2021-03-07 13:17:54', 2, 1);

--
-- Indexes for dumped tables
--

--
-- Indexes for table `auth_group`
--
ALTER TABLE `auth_group`
  ADD PRIMARY KEY (`id`),
  ADD UNIQUE KEY `name` (`name`);

--
-- Indexes for table `auth_group_permissions`
--
ALTER TABLE `auth_group_permissions`
  ADD PRIMARY KEY (`id`),
  ADD UNIQUE KEY `auth_group_permissions_group_id_permission_id_0cd325b0_uniq` (`group_id`,`permission_id`),
  ADD KEY `auth_group_permissio_permission_id_84c5c92e_fk_auth_perm` (`permission_id`);

--
-- Indexes for table `auth_permission`
--
ALTER TABLE `auth_permission`
  ADD PRIMARY KEY (`id`),
  ADD UNIQUE KEY `auth_permission_content_type_id_codename_01ab375a_uniq` (`content_type_id`,`codename`);

--
-- Indexes for table `auth_user`
--
ALTER TABLE `auth_user`
  ADD PRIMARY KEY (`id`),
  ADD UNIQUE KEY `username` (`username`);

--
-- Indexes for table `auth_user_groups`
--
ALTER TABLE `auth_user_groups`
  ADD PRIMARY KEY (`id`),
  ADD UNIQUE KEY `auth_user_groups_user_id_group_id_94350c0c_uniq` (`user_id`,`group_id`),
  ADD KEY `auth_user_groups_group_id_97559544_fk_auth_group_id` (`group_id`);

--
-- Indexes for table `auth_user_user_permissions`
--
ALTER TABLE `auth_user_user_permissions`
  ADD PRIMARY KEY (`id`),
  ADD UNIQUE KEY `auth_user_user_permissions_user_id_permission_id_14a6b632_uniq` (`user_id`,`permission_id`),
  ADD KEY `auth_user_user_permi_permission_id_1fbb5f2c_fk_auth_perm` (`permission_id`);

--
-- Indexes for table `collection`
--
ALTER TABLE `collection`
  ADD PRIMARY KEY (`OR_NUM`),
  ADD KEY `STUD_NO` (`STUD_NO`),
  ADD KEY `USER_ID` (`USER_ID`);

--
-- Indexes for table `collection_breakdown`
--
ALTER TABLE `collection_breakdown`
  ADD PRIMARY KEY (`ID`),
  ADD KEY `OR_NUM` (`OR_NUM`);

--
-- Indexes for table `deposit`
--
ALTER TABLE `deposit`
  ADD PRIMARY KEY (`DEP_ID`),
  ADD KEY `USER_ID` (`USER_ID`);

--
-- Indexes for table `django_admin_log`
--
ALTER TABLE `django_admin_log`
  ADD PRIMARY KEY (`id`),
  ADD KEY `django_admin_log_content_type_id_c4bce8eb_fk_django_co` (`content_type_id`),
  ADD KEY `django_admin_log_user_id_c564eba6_fk_auth_user_id` (`user_id`);

--
-- Indexes for table `django_content_type`
--
ALTER TABLE `django_content_type`
  ADD PRIMARY KEY (`id`),
  ADD UNIQUE KEY `django_content_type_app_label_model_76bd3d3b_uniq` (`app_label`,`model`);

--
-- Indexes for table `django_migrations`
--
ALTER TABLE `django_migrations`
  ADD PRIMARY KEY (`id`);

--
-- Indexes for table `django_session`
--
ALTER TABLE `django_session`
  ADD PRIMARY KEY (`session_key`),
  ADD KEY `django_session_expire_date_a5c62663` (`expire_date`);

--
-- Indexes for table `fund`
--
ALTER TABLE `fund`
  ADD PRIMARY KEY (`FUND_TYPE`),
  ADD UNIQUE KEY `FUND_CODE` (`FUND_CODE`);

--
-- Indexes for table `income`
--
ALTER TABLE `income`
  ADD PRIMARY KEY (`INCOME_TYPE`);

--
-- Indexes for table `or_set`
--
ALTER TABLE `or_set`
  ADD PRIMARY KEY (`ID`),
  ADD UNIQUE KEY `OR_NUM_START` (`OR_NUM_START`),
  ADD UNIQUE KEY `OR_NUM_END` (`OR_NUM_END`);

--
-- Indexes for table `role`
--
ALTER TABLE `role`
  ADD PRIMARY KEY (`ROLE_ID`);

--
-- Indexes for table `student`
--
ALTER TABLE `student`
  ADD PRIMARY KEY (`STUD_NO`);

--
-- Indexes for table `uacs`
--
ALTER TABLE `uacs`
  ADD PRIMARY KEY (`UACS_CODE`),
  ADD KEY `FUND_TYPE` (`FUND_TYPE`),
  ADD KEY `INCOME_TYPE` (`INCOME_TYPE`);

--
-- Indexes for table `user`
--
ALTER TABLE `user`
  ADD PRIMARY KEY (`USER_ID`),
  ADD UNIQUE KEY `UNAME` (`UNAME`),
  ADD KEY `ROLE_ID` (`ROLE_ID`);

--
-- AUTO_INCREMENT for dumped tables
--

--
-- AUTO_INCREMENT for table `auth_group`
--
ALTER TABLE `auth_group`
  MODIFY `id` int(11) NOT NULL AUTO_INCREMENT;

--
-- AUTO_INCREMENT for table `auth_group_permissions`
--
ALTER TABLE `auth_group_permissions`
  MODIFY `id` int(11) NOT NULL AUTO_INCREMENT;

--
-- AUTO_INCREMENT for table `auth_permission`
--
ALTER TABLE `auth_permission`
  MODIFY `id` int(11) NOT NULL AUTO_INCREMENT, AUTO_INCREMENT=25;

--
-- AUTO_INCREMENT for table `auth_user`
--
ALTER TABLE `auth_user`
  MODIFY `id` int(11) NOT NULL AUTO_INCREMENT;

--
-- AUTO_INCREMENT for table `auth_user_groups`
--
ALTER TABLE `auth_user_groups`
  MODIFY `id` int(11) NOT NULL AUTO_INCREMENT;

--
-- AUTO_INCREMENT for table `auth_user_user_permissions`
--
ALTER TABLE `auth_user_user_permissions`
  MODIFY `id` int(11) NOT NULL AUTO_INCREMENT;

--
-- AUTO_INCREMENT for table `collection_breakdown`
--
ALTER TABLE `collection_breakdown`
  MODIFY `ID` int(11) NOT NULL AUTO_INCREMENT, AUTO_INCREMENT=116;

--
-- AUTO_INCREMENT for table `deposit`
--
ALTER TABLE `deposit`
  MODIFY `DEP_ID` int(11) NOT NULL AUTO_INCREMENT, AUTO_INCREMENT=252;

--
-- AUTO_INCREMENT for table `django_admin_log`
--
ALTER TABLE `django_admin_log`
  MODIFY `id` int(11) NOT NULL AUTO_INCREMENT;

--
-- AUTO_INCREMENT for table `django_content_type`
--
ALTER TABLE `django_content_type`
  MODIFY `id` int(11) NOT NULL AUTO_INCREMENT, AUTO_INCREMENT=7;

--
-- AUTO_INCREMENT for table `django_migrations`
--
ALTER TABLE `django_migrations`
  MODIFY `id` int(11) NOT NULL AUTO_INCREMENT, AUTO_INCREMENT=18;

--
-- AUTO_INCREMENT for table `or_set`
--
ALTER TABLE `or_set`
  MODIFY `ID` int(11) NOT NULL AUTO_INCREMENT, AUTO_INCREMENT=7;

--
-- AUTO_INCREMENT for table `role`
--
ALTER TABLE `role`
  MODIFY `ROLE_ID` int(11) NOT NULL AUTO_INCREMENT, AUTO_INCREMENT=3;

--
-- AUTO_INCREMENT for table `user`
--
ALTER TABLE `user`
  MODIFY `USER_ID` int(11) NOT NULL AUTO_INCREMENT, AUTO_INCREMENT=10;

--
-- Constraints for dumped tables
--

--
-- Constraints for table `auth_group_permissions`
--
ALTER TABLE `auth_group_permissions`
  ADD CONSTRAINT `auth_group_permissio_permission_id_84c5c92e_fk_auth_perm` FOREIGN KEY (`permission_id`) REFERENCES `auth_permission` (`id`),
  ADD CONSTRAINT `auth_group_permissions_group_id_b120cbf9_fk_auth_group_id` FOREIGN KEY (`group_id`) REFERENCES `auth_group` (`id`);

--
-- Constraints for table `auth_permission`
--
ALTER TABLE `auth_permission`
  ADD CONSTRAINT `auth_permission_content_type_id_2f476e4b_fk_django_co` FOREIGN KEY (`content_type_id`) REFERENCES `django_content_type` (`id`);

--
-- Constraints for table `auth_user_groups`
--
ALTER TABLE `auth_user_groups`
  ADD CONSTRAINT `auth_user_groups_group_id_97559544_fk_auth_group_id` FOREIGN KEY (`group_id`) REFERENCES `auth_group` (`id`),
  ADD CONSTRAINT `auth_user_groups_user_id_6a12ed8b_fk_auth_user_id` FOREIGN KEY (`user_id`) REFERENCES `auth_user` (`id`);

--
-- Constraints for table `auth_user_user_permissions`
--
ALTER TABLE `auth_user_user_permissions`
  ADD CONSTRAINT `auth_user_user_permi_permission_id_1fbb5f2c_fk_auth_perm` FOREIGN KEY (`permission_id`) REFERENCES `auth_permission` (`id`),
  ADD CONSTRAINT `auth_user_user_permissions_user_id_a95ead1b_fk_auth_user_id` FOREIGN KEY (`user_id`) REFERENCES `auth_user` (`id`);

--
-- Constraints for table `collection`
--
ALTER TABLE `collection`
  ADD CONSTRAINT `collection_ibfk_1` FOREIGN KEY (`STUD_NO`) REFERENCES `student` (`STUD_NO`),
  ADD CONSTRAINT `collection_ibfk_2` FOREIGN KEY (`USER_ID`) REFERENCES `user` (`USER_ID`);

--
-- Constraints for table `collection_breakdown`
--
ALTER TABLE `collection_breakdown`
  ADD CONSTRAINT `collection_breakdown_ibfk_1` FOREIGN KEY (`OR_NUM`) REFERENCES `collection` (`OR_NUM`);

--
-- Constraints for table `deposit`
--
ALTER TABLE `deposit`
  ADD CONSTRAINT `deposit_ibfk_1` FOREIGN KEY (`USER_ID`) REFERENCES `user` (`USER_ID`);

--
-- Constraints for table `django_admin_log`
--
ALTER TABLE `django_admin_log`
  ADD CONSTRAINT `django_admin_log_content_type_id_c4bce8eb_fk_django_co` FOREIGN KEY (`content_type_id`) REFERENCES `django_content_type` (`id`),
  ADD CONSTRAINT `django_admin_log_user_id_c564eba6_fk_auth_user_id` FOREIGN KEY (`user_id`) REFERENCES `auth_user` (`id`);

--
-- Constraints for table `uacs`
--
ALTER TABLE `uacs`
  ADD CONSTRAINT `uacs_ibfk_1` FOREIGN KEY (`FUND_TYPE`) REFERENCES `fund` (`FUND_TYPE`),
  ADD CONSTRAINT `uacs_ibfk_2` FOREIGN KEY (`INCOME_TYPE`) REFERENCES `income` (`INCOME_TYPE`);

--
-- Constraints for table `user`
--
ALTER TABLE `user`
  ADD CONSTRAINT `user_ibfk_1` FOREIGN KEY (`ROLE_ID`) REFERENCES `role` (`ROLE_ID`);
COMMIT;

/*!40101 SET CHARACTER_SET_CLIENT=@OLD_CHARACTER_SET_CLIENT */;
/*!40101 SET CHARACTER_SET_RESULTS=@OLD_CHARACTER_SET_RESULTS */;
/*!40101 SET COLLATION_CONNECTION=@OLD_COLLATION_CONNECTION */;
